AUTO_REPAIR,CARPARK,CEMETERY,CHURCH,FACTORY,FIRE_STATION,HOSPITAL,JUNKYARD,LIBRARY,MALL,MONUMENT,MUSEUM,NECROTECH_LAB,NIGHTCLUB,PARK,POLICE_DEPARTMENT,PUB,SCHOOL,STREET,WAREHOUSE
Speedy Auto Repair,Sunset Parking,Summer Hill Cemetery,Grace Cathedral,Ironclad Manufacturing,Central Fire Station,Mercy General Hospital,Rusty Relics Junkyard,The Crescent Library,Silver Grove Mall,The Eternal Flame,Museum of Modern Art,Alpha NecroTech Lab,The Velvet Room,Thornbush Meadows,Central Police Station,The Rusty Anchor,Bright Future Academy,Hargreaves Court,Ironclad Storage
Precision Car Care,The Gated Garage,Pioneer Burial Grounds,Saint Michael's Church,Pioneer Steelworks,Eastside Firehouse,St. John's Medical Center,Gravel Pit Salvage,Riverside Public Library,Maplewood Plaza,Monument of Unity,National History Museum,Beta NecroTech Lab,Pulse Nightclub,Willow Plaza,Riverside Precinct,The Wobbly Wheel,Riverside High School,Tollgate Drive,Redwood Warehouse
Revved Up Repairs,The Park & Ride,Sapphire Springs Memorial Park,Holy Redeemer Church,Summit Fabricators,Westend Fire Station,Riverside Memorial Hospital,Ironclad Junkyard,Silverwood Library,Crystal Springs Mall,The Freedom Pillar,The Science and Innovation Museum,Gamma NecroTech Lab,The Rainbow Lounge,Songbird Plaza,Eastside Law Enforcement,The Drunken Sailor,Sunset Academy,Holmes Chapel Road,Horizon Logistics
Wrench & Wheel Garage,Midtown Parking Lot,Harmony Grove Cemetery,Sacred Heart Chapel,Blue Ridge Foundry,Riverside Fire Department,Pine Ridge Medical Facility,Cinder Hill Scrap Yard,Westfield Community Library,Parkview Shopping Center,The Iron Eagle,Museum of Ancient Civilizations,Delta NecroTech Lab,Neon Dreams,Clear Lake Meadows,West End Police HQ,The Thirsty Lion,Pinewood Community College,Goyt Road,Skyline Distribution Center
Turbo Tune-Ups,Parkway Plaza,Sunnyside Cemetery,Christ the King Church,Vanguard Industries,Downtown Fire HQ,Eastwood Healthcare Center,Wasteland Recyclers,Maple Grove Library,Sunset Ridge Mall,Grand Gateway Arch,World Heritage Museum,Epsilon NecroTech Lab,Euphoria Club,Raccoon Gardens,Hilltop Police Department,The Broken Barrel,Silver Ridge High School,Upland Road,Steel Valley Warehouse
Piston & Pin Auto,The Urban Deck,Forgotten Graveyard,Saint Joseph's Church,Sunrise Manufacturing,Pine Ridge Firehouse,Silverstone Regional Hospital,Scrap Haven,Bright Horizons Library,Riverstone Mall,Liberty's Crown,Museum of Natural Wonders,Zeta NecroTech Lab,The Gilded Beat,Wildlife Grounds,Downtown Police Station,The Shady Oak,Westbrook Academy,Oberon Way,Pioneer Depot
Fix-It Fast Garage,Silver Lot,Shadow Graveyard,Holy Cross Cathedral,Titan Works,Mountainview Fire Station,Sunset Valley Medical Center,Old World Salvage,Pine Ridge Library,Golden Oaks Mall,The Pillar of Justice,The Lost Artifacts Museum,Eta NecroTech Lab,Spectrum Lounge,The Gardens of Lanidurn,Northview Police Center,The Old Mill Tavern,Summit Heights College,Back South Street,Riverside Storage Facility
Driveway Auto Service,Riverview Garage,Wickedvale Crypts,First Baptist Church,Prime Industries,Lakeview Fire Department,Clearwater Health Hospital,The Rust Heap,Eastview Public Library,The Plaza at Ridgewood,Victory Obelisk,Futuristic Technology Museum,Theta NecroTech Lab,Electric Sky,Beddingdale Meadows,Midtown Law Enforcement,The Quiet Pint,Maple Leaf Academy,Selworthy Drive,Union Freight Warehouse
Revival Auto Repair,The Central Park Lot,Perished Grove Tombs,New Hope Church,ForgeTech Factory,The Beacon Fire Station,Crescent City Medical Center,The Iron Yard,Clearwater Library,Lakeside Shopping Complex,The Peaceful Dove,The Robotics and AI Museum,Iota NecroTech Lab,The Mirage,Winterwall Gardens,Sunset Police Headquarters,The Tipsy Tavern,Evergreen High School,Parc Derwen,Summit Distribution Hub
Hometown Car Care,The Skydeck Parking,Burning Soul Graveyard,Saint Paul's Church,Horizon Foundries,Sunset Fire HQ,Woodland Springs Hospital,The Junk Vault,Golden Oak Library,Horizon Bay Mall,Tower of Resolve,National Museum of Natural History,Kappa NecroTech Lab,Crimson Nights,Lary Gardens,Lakeview Police Station,The Hollow Oak,Lakeshore Academy,Summerdale Road,Titan Storage Facility
Quick Shift Garage,Pinecrest Parkade,Angel Point Cemetery,Good Shepherd Chapel,Golden Gate Fabrication,Maplewood Firehouse,Oakdale Medical Complex,Metal Wreckers,Sunset Valley Library,The Commons Shopping Center,The Eternal Watch,Museum of Prehistoric Life,Lambda NecroTech Lab,The Underworld,Heavenly Gardens,The Old Police House,The Sailor’s Rest,Greenfield School for Excellence,High Grove,Copperfield Storage
Torque Masters,The Overpass Lot,Last Rest Cemetery,Saint Peter's Cathedral,Steel & Stone Works,City Central Fire Department,Harborview Medical Institute,Salvage Fortress,Harborview Library,Eastgate Mall,The Forgotten Guardian,Museum of Art and Culture,Mu NecroTech Lab,The Vibe Vault,Angelwing Gardens,City Central Precinct,The Stumbling Fox,Cedarwood Academy,Burnley Street,Westfield Logistics
Gearhead Garage,Metro Carpark,Grandforest Cemetery,Covenant Church,Legacy Manufacturing,Crescent City Fire HQ,Golden Gate Hospital,Rusty Plains Junkyard,Northgate Public Library,Pinecrest Plaza,The Triumph Arch,The History of War Museum,Nu NecroTech Lab,Glow Haven,Great Valley Park,Silverstone Police HQ,The Golden Tankard,Hillcrest High School,Chilham Road,Maple Street Warehouse
Clutch City Repairs,The Crescent Deck,Heritage Cemetery,Grace Fellowship Church,Northstar Industries,Silverstone Fire Station,Maplewood Healthcare Center,The Scrap Depot,Greenwood Library,Westfield Shopping Mall,Memorial of the Fallen,The Human Evolution Museum,Xi NecroTech Lab,Lush Lounge,Silver Lake Park,Pine Ridge Law Enforcement,The Wandering Monk,Golden Valley Community College,Wembley Gardens,Golden Gate Storage
Pit Stop Auto Service,Starlight Parking,Oceanview Memorial Gardens,Emmanuel Church,Evergreen Foundry,Parkwood Firehouse,Starlight Regional Hospital,Iron Ridge Salvage,Cedar Ridge Library,Harborview Center,The Celestial Spire,The Great Exhibitions Museum,Omicron NecroTech Lab,The Pulse Room,Maple Wood Park,Crescent City Police Department,The Brass Lantern,Redwood Academy,Mission Lane,Mountain Peak Warehouse
Silverline Auto Repair,Echo Park Lot,Wicked Eye Graveyard,Trinity Chapel,Crystal Peak Steelworks,Hilltop Fire Department,Lakeview General Hospital,The Shattered Yard,Redwood Hills Library,Lakeshore Mall,Monument of Hope,Museum of Fossils and Minerals,Pi NecroTech Lab,Vivid Nights,Long Lake Plaza,Riverbank Police Headquarters,The Copper Kettle,St. Augustine’s School,Marron Close,Falcon Ridge Distribution
Rugged Road Garage,Ironwood Parking,Malevolent Garden Tombs,Riverside Church,Innovative Machining,Brookside Fire Station,Westfield Medical Center,Rogue Salvage Yard,Parkwood Community Library,Cedar Ridge Mall,The Sapphire Obelisk,Museum of the World’s Wonders,Rho NecroTech Lab,The Prism Club,The Meadows of Sinrose,The Beacon Police Station,The Last Drop,Clearwater High School,Littleton Street,Beacon Storage Center
Engineered Fix Auto,Sunrise Parkade,Corruption Graveyard,Blessed Sacrament Church,Centurion Manufacturing,Clearwater Fire HQ,Bright Horizons Hospital,The Junk Pit,Sunrise Public Library,Oakwood Plaza,The Silent Sentinel,The Forgotten Artifacts Museum,Sigma NecroTech Lab,The Glitter Box,Wickwell Meadows,Maplewood Law Enforcement,The Golden Mug,Riverbend Academy,Dart Road,Liberty Supply Warehouse
Master Mechanic Garage,The Northern Deck,Foulvale Graveyard,Church of the Good Shepherd,Titanium Factory,Woodland Firehouse,Horizon Medical Institute,Iron Haven Junkyard,Woodland Springs Library,Sunrise Shopping Center,The Radiant Tower,Museum of the Cosmos,Tau NecroTech Lab,The Inferno,Cardbridge Meadows,The District Police Center,The Red Hare Pub,Blue Ridge College,Taylor Road,Sunrise Logistics Hub
Powertrain Repairs,Southpoint Parking,Necropolis Crypts,Mount Zion Church,Silverline Foundries,Golden Gate Fire Station,Eastview General Hospital,Steel Scrapyard,The Grove Library,Greenwood Mall,Pillar of the Ancients,Global Heritage Museum,Upsilon NecroTech Lab,The Liquid Lounge,Otterdosa Gardens,Lakeshore Police HQ,The Silver Crown,Summit Park Academy,Pant Street,Grandview Storage Facility
Highway Auto Service,Hilltop Park & Ride,Spring Garden Burial Grounds,Saint Andrew's Church,Eagle Eye Fabrication,The Vault Fire Department,Greenfield Memorial Hospital,The Rustpile,Lakeside Library,Rockview Plaza,The Silent Bell,The Museum of Lost Knowledge,Phi NecroTech Lab,Fever Dreams,Snowflake Park,Mountainview Police Department,The Wailing Widow,Horizon Ridge School,Oakwood Court,Vanguard Depot
Metro Auto Care,The Mill Parking Lot,Tribute Field Cemetery,Saint Mary's Cathedral,Redwood Manufacturing,The Metro Fire Center,Parkwood Regional Medical Center,The Crushed Can Yard,Westlake Library,Silverstone Mall,Arc of the Phoenix,Museum of Technological Advancement,Chi NecroTech Lab,The Electric Avenue,Rainbow Park,Parkwood Police Station,The Twisted Barrel,Sunrise College,Tavistock Drive,Harborview Warehouse
Rolling Repairs Garage,Central City Deck,Eastlawn Memorial Gardens,Living Word Church,Summit Forge,Sunrise Fire HQ,Clearview Health Institute,Old Metal Traders,Mountainview Public Library,Mountain Ridge Mall,The Celestial Bridge,The Exploration Museum,Psi NecroTech Lab,The Starlight Club,Crossroad Gardens,Brookside Law Enforcement,The Black Horse,Northern Pines High School,Brabourne Avenue,Cedar Hill Distribution
AutoFix Express,Shady Grove Carpark,Fairview Cemetery,Peaceful Grove Church,Alpha Industrial Works,The District Firehouse,Redwood City Medical Center,The Junk Den,Beacon Hill Library,Shady Grove Shopping Center,The Golden Comet,World of Artifacts Museum,Omega NecroTech Lab,Rainbow Rave,Pleasant View Meadows,Riverside Enforcement Center,The Gilded Goose,Woodland Academy,Ashworth Drive,Northstar Storage Hub
Exhaust & Spark Garage,The Dockside Lot,White Light Memorial Gardens,All Saints Church,Fortress Foundries,Riverbank Fire Department,The Heights General Hospital,Steelworks Yard,Riverstone Library,The Grand Mall,The Reflecting Pool,The Industrial Revolution Museum,NecroTech Lab Alpha Sector,The Luxor Lounge,Bearhug Meadows,The Redoubt Police HQ,The Lost Shepherd,Crystal Springs High School,Parham Road,Riverbend Freight Center
Blue Sky Auto Repairs,The Rolling Parking Deck,Nefarious Hill Necropolis,Hope Springs Chapel,Valley Forge Industries,The Oak Street Fire HQ,Silverwood Medical Complex,Salvage Hollow,Eastbrook Library,Windmill Ridge Mall,Monument of Dawn,Museum of Space Exploration,NecroTech Lab Beta Sector,Twilight Haven,Cypress Park,Seaview Police Department,The Muddy Boot,Harborview Academy,Sheppard Way,Blue Ridge Storage
Diamond Tune Auto,Cedarview Garage,Netherspring Catacombs,The Rock Church,Ironwood Fabricators,Sunset Hill Fire Station,Mountainview Regional Hospital,Wreckage World,Crystal Springs Library,Riverside Plaza,The Iron Heart,The Evolution of Mankind Museum,NecroTech Lab Gamma Sector,The Beatnik,The Grounds of Drumstead,Union Square Police Station,The Wild Boar,Silver Mountain School,Barbican Road,Silverleaf Distribution Warehouse
Streetwise Repair Shop,The Parked Plaza,Banshee Hill Mortuary,Saint Thomas Church,Steel Frontier Works,Eastbridge Fire Department,Willowbrook Health Center,The Rubbish Yard,Horizonview Public Library,Clearview Shopping Mall,The Monument of Stars,National Gallery of Art,NecroTech Lab Delta Sector,Disco Inferno,Berknigan Park,Golden Gate Law Enforcement,The Crow’s Nest,Pinecrest Academy,Millersdale Close,Crystal Lake Storage
Overdrive Auto Garage,The Glass Deck,Forgotten Tombs,Kingdom Life Church,Maverick Manufacturing,Bridgeview Firehouse,Riverstone Medical Center,Grim Salvage Yard,Clearview Community Library,Harbor Pines Mall,The Steel Rose,The Galactic History Museum,NecroTech Lab Epsilon Sector,Moonlit Mirage,Ituden Garden,Parkland Police Department,The Wooden Spoon,Shady Grove High School,Jamaica Street,Evergreen Freight Hub
All-Star Car Care,Seabreeze Parking Lot,Black Snow Graveyard,Christ the Redeemer Church,Protech Industries,The Junction Fire HQ,Old Town Medical Institute,The Junk Barn,Silverstone Library,Crescent Valley Mall,The Arc of Eternity,Museum of Cultural Heritage,NecroTech Lab Zeta Sector,The Underground,Ingerboia Meadows,Westshore Police HQ,The Ragged Bear,Bluewater College,Heatherwood Close,Windsor Storage Center
Top Gear Auto Shop,Moonlight Carpark,Greenhill Memorial Park,Saint Luke's Cathedral,Eclipse Steelworks,Horizon City Fire Station,Brookstone Healthcare Center,Ironworks Junkyard,The Commons Library,The Waterfront Shopping Center,The Echoing Chamber,The Archeology Museum,NecroTech Lab Theta Sector,The Velvet Oasis,Bearhug Park,The Oak Street Police Center,The Stormy Petrel,Green Hills Academy,Conyers Road,Aspen Valley Warehouse
Precision Auto Repair,The Parkside Lot,Rosevale Memorial Gardens,First Presbyterian Church,Global Factory Systems,Cityscape Firehouse,Sunrise Memorial Hospital,Scavenger’s Haven,Starlight Library,Valleyview Plaza,Fountain of Serenity,The Future of Humanity Museum,NecroTech Lab Kappa Sector,Cosmic Groove,Ravine Garden,Sunset Hill Police Department,The Boar’s Head,Redstone High School,Kirk Lane,Sunset Ridge Depot
Full Throttle Auto Service,Beaconview Parking,Riverview Memorial Gardens,Faith Community Church,Mountain Peak Foundry,Riverside Fire Center,Northgate General Hospital,The Scrap Pit,Brookstone Public Library,Westlake Mall,Monument of the Fallen Heroes,Museum of Lost Empires,NecroTech Lab Lambda Sector,The Midnight Hour,Cottonfield Garden,Eastbridge Police Headquarters,The Rusty Nail,White Oak Academy,Old Hall Court,Valley Forge Warehouse
Quick Turn Auto Repair,The Twin Decks,Last Rest Burial Grounds,St. John's Church,Coral Fabrication Works,Woodland Hills Fire HQ,St. Mary's Medical Complex,Broken Steel Yard,The Beacon Library,Stonegate Shopping Center,The Liberty Stone,Museum of Earth Sciences,NecroTech Lab Mu Sector,The Cloud Nine,Sunset Meadows,Bridgeview Police Station,The Iron Oak,Golden Oaks High School,Widdrington Road,Thunderbird Storage Facility
Speedline Auto Care,Westbay Garage,Emerald Forest Memorial Park,Victory Church,NextGen Manufacturing,The Crossroad Firehouse,Cityview Regional Hospital,The Rust Bin,Whispering Pines Library,Northgate Mall,The Crystal Spire,International Museum of War and Peace,NecroTech Lab Nu Sector,Red Velvet Club,Sunrise Garden,The Junction Police HQ,The Dry Dock Tavern,Highland View Academy,Apollo Way,Iron Bridge Distribution
Ace Auto Garage,Oakwood Parking Lot,Black Snow Catacombs,Holy Family Chapel,Silverstone Foundries,Riverside Justice Fire Station,Westlake Memorial Health Center,Junk Runners Yard,Willowbrook Library,The Summit Mall,The Rising Sun Obelisk,Museum of Mystical Artifacts,NecroTech Lab Xi Sector,The Prism,Bearhug Gardens,Horizon City Law Enforcement,The Fox and Hound,Mountain Crest Community College,Field Gardens,Wheaton Supply Warehouse
Fuel Injector Fix,The Vault Parking,Burning Soul Tombs,Cedar Hill Church,Delta Forge Works,The Redoubt Fire Department,The Grove Medical Institute,The Salvage Heap,Maple Ridge Library,Riverfront Plaza,The Shield of the People,The Architecture Museum,NecroTech Lab Pi Sector,Starlight Ballroom,The Garden of Amesbriand,Cityscape Police Department,The Leaky Bucket,Birchwood High School,Parade Street,Hawthorn Ridge Depot
Pitstop Performance Repairs,The Sunset Carpark,Sombre Oak Crypts,Evergreen Church,Phoenix Steel Industries,Seaview Fire Station,Redwood Health Center,The Wreckage Yard,The Oakwood Library,Hollybrook Shopping Center,Tower of the Brave,The Global Art Museum,NecroTech Lab Rho Sector,The Neon Jungle,Muntrie Grounds,Clearwater Police Station,The King's Head,Crossroads Academy,Lambourne Way,Silver Oak Logistics
DriveSafe Auto Shop,The Lakeside Lot,Crimson Flow Catacombs,Saint James' Church,Copperfield Fabricators,Old Town Firehouse,The Summit General Hospital,Rusty Bones Junkyard,Pinecrest Public Library,Cypress Grove Mall,The Gilded Cross,Museum of Underwater Discoveries,NecroTech Lab Sigma Sector,The Electric Pulse,Bedware Grounds,Woodland Police HQ,The Old Goat,Hilltop Academy,Abbey Place,Redstone Storage Facility
Turbo Tech Garage,The Carport of Tomorrow,Broken Soul Catacombs,The Shepherd's Church,Redstone Foundries,The Borderline Fire Department,Coastal Medical Center,The Scrap Box,Crescent City Library,Willow Springs Mall,The Resolute Pillar,The World’s Natural Wonders Museum,NecroTech Lab Tau Sector,Silver Skyline,Rosston Gardens,The Vault Police Department,The Cunning Fox,Timberlake High School,Thirleby Road,Forest Glen Warehouse
Fast Lane Auto Service,The Frontline Deck,Serenity Park Cemetery,New Life Christian Church,Bright Future Factory,Westridge Fire HQ,Eastside Healthcare Facility,The Junk Mill,Valleywood Library,The Oakridge Plaza,Eternal Horizon Memorial,Museum of Ancient Texts,NecroTech Lab Upsilon Sector,The Vortex,Serenity Gardens,The Metro Police Center,The Drunken Duck,Northview Academy,Oakwood Grove,Summit Ridge Distribution
The Car Doctor,Parkmore Parking,White Angel Cemetery,Riverbank Chapel,Atlas Industrial Works,Silverwood Firehouse,Sunnyside Memorial Hospital,Worn Out Yard,Whitesands Library,Golden Gate Mall,The Guardian Obelisk,The History of Humanity Museum,NecroTech Lab Phi Sector,Aftershock Lounge,Crow Feather Grounds,Sunrise Law Enforcement,The Golden Lantern,Pinehurst High School,Peabody Street,Rolling Hills Warehouse
Ironclad Auto Repairs,The Suburban Garage,Azure Gardens Memorial Gardens,Saint Francis Church,Windmill Manufacturing,The Ironclad Fire Station,Shady Grove Regional Medical Center,Salvage City,Shady Grove Public Library,Bayview Shopping Complex,The Windwalker’s Arch,The Maritime Museum,NecroTech Lab Chi Sector,The Groove Box,Two River Meadows,The Central Justice Station,The Lucky Shamrock,Starlight Academy,Blanche Street,Trestle Storage Center
Mile Marker Auto Service,The Street-Level Lot,Crown Hill Memorial Park,Living Waters Church,Blue Mountain Foundries,The Urban Safety Fire HQ,Springdale General Hospital,The Metal Pile,Bayview Library,Highland Heights Mall,The Grand Portal,Museum of Earth’s Wonders,NecroTech Lab Psi Sector,The Groove Den,Hope Garden,Greenfield Police Headquarters,The Rusty Horseshoe,Riverstone Community College,Peebles Drive,Starlight Depot
Classic Car Care,Highland Park Carpark,Serenity Park Cemetery,The Church on the Hill,Thunder Forge,The Valleyview Firehouse,Crosspoint Health Center,Reclamation Yard,Northwood Library,Brookstone Plaza,The Tower of Light,Museum of Ancient Technologies,NecroTech Lab Omega Sector,The Sparkle Club,Mahogany Grounds,Highland Park Police HQ,The Old Tavern,Forest Ridge High School,Tewkesbury,Maple Grove Distribution
Reliant Auto Repair,The Cityscape Deck,Infernal Grove Graveyard,Crossroads Church,Precision Foundry Works,Northgate Fire Department,Maple Ridge Medical Complex,The Rust Forge,The Summit Library,Silver Pine Mall,Memorial to the Unknown,World Art and Sculpture Museum,NecroTech Lab Research Facility 1,The Sweet Escape,Temple Meadows,The Crossroad Police Center,The Bull and Bear,Brightwood Academy,Cambourne Avenue,Hilltop Supply Warehouse
Brake & Brake Auto Shop,The Urban Lot,Dragonash Graveyard,The Lighthouse Church,Millennium Manufacturing,Lakeview Justice Fire Station,Northfield Memorial Hospital,The Scrapyard of Lost Things,Southgate Community Library,Whispering Pines Mall,The Arc of Hope,The Giant Fossils Museum,NecroTech Lab Research Facility 2,Sensation Club,The Grounds of Falgrave,Riverside Justice Station,The Pheasant Plucker,Valley Forge High School,Johnstone Drive,Woodland Freight Facility
Ultimate Auto Care,The Bridgeview Garage,Ash River Graveyard,Saint Nicholas Chapel,Oakfield Industries,Elmwood Firehouse,Southgate Regional Medical Center,Wasteland Scrapyard,Harbor Pines Library,Redwood Hills Plaza,The Marble Throne,The Secrets of the Past Museum,NecroTech Lab Research Facility 3,The Pulse,Elbridge Plaza,Maple Heights Police HQ,The Silver Tankard,Clearview Academy,Back South Parade,Clearwater Warehouse
On-The-Go Garage,The Old Lot,Bad Judgement Graveyard,The Covenant Fellowship Church,Quantum Steelworks,Haven Hill Fire Department,Parkhill Health Institute,The Old Iron Yard,The Edgewood Library,Parkwood Mall,The Golden Handprint,Museum of Prehistoric Life Forms,NecroTech Lab Research Facility 4,The Spectrum,Munbel Gardens,Cedarwood Law Enforcement,The Black Bell,Rockford High School,Combe Road,Windmill Storage Hub
City Limits Auto Service,The Redwood Carpark,Banewood Catacombs,Holy Spirit Chapel,Northpoint Fabrication,Whitesands Fire Station,Horizonview General Hospital,The Rustworks,Lakeshore Library,Suncrest Shopping Center,The Nightfall Tower,The Museum of Hidden Treasures,NecroTech Lab Research Facility 5,Electric Pulse,Huntsomin Gardens,Skyline Police Station,The Dark Lantern,Maplewood School of Excellence,Bishop's Avenue,Mountain Ridge Depot
Reliable Roadside Garage,The Cascade Deck,Spring Grove Cemetery,Grace Harbor Church,Forge Masters,The Pinecrest Firehouse,Valleywood Medical Center,Shattered Junkyard,The Highland Library,Forestview Mall,Monument of Sacred Ground,Museum of Earth and Space,NecroTech Lab Research Facility 6,The Beat House,Greenwood Park,The Grandview Police Center,The Rolling Barrel,Silver Oaks Academy,Nursery Court,Silverstone Distribution Center
Shift Right Auto Repair,Eastview Parking,Jade Forest Cemetery,The Abbey Church,Capital Foundries,The City Hall Fire HQ,Sunset Hill Regional Hospital,Grime and Rust Salvage,The Grove Public Library,Sunset Valley Plaza,The Dawn Beacon,The Curiosity Museum,NecroTech Lab Research Facility 7,The Velvet Underground,City Square Park,The Sentinel Police Department,The Fisherman’s Wharf,Victory Ridge High School,Wellesbourne Drive,Old Town Warehouse
Evergreen Car Care,The Skyview Lot,Flowerbed Cemetery,The Way Church,Iron Gate Manufacturing,Starlight Fire Department,The Crossroads Medical Facility,The Salvage Spot,Rockford Library,The Beacon Mall,The Steel Cross,Museum of Cosmic Exploration,NecroTech Lab Research Facility 8,The Rebel Room,Majestic Plaza,Seabreeze Police HQ,The Howling Wolf,Rivercrest Academy,Ham Green,Pinecrest Logistics Hub
AutoTech Garage,The Golden Lot,Heroes' Rest Burial Grounds,Mount Carmel Church,Prime Steelworks,Shady Grove Fire Station,Lakefront Memorial Hospital,The Iron Forge,Havenwood Library,Maple Ridge Shopping Center,Memorial Arch of Valor,The Museum of Legendary Creatures,NecroTech Lab Research Facility 9,The Dreamcatcher,Pandora Park,Old Town Police Department,The Jolly Sailor,Springfield High School,Silverstone Drive,Ironwood Storage Facility
Wheels & Wires Auto Service,The Cornerstone Deck,Ancestor's Rest Cemetery,Shalom Fellowship,Victory Fabrication,Clearwater Firehouse,Windmill Health Center,The Broken Junkyard,Pine Valley Library,Lakeside Plaza,The Rebirth Spire,Museum of the Ancient World,NecroTech Lab Research Facility 10,The Mirage Club,Pygmy Garden,The Borderline Police Station,The Half Pint,Golden Peak Academy,Burton Lane,Lakeside Warehouse
Motor City Repair Shop,The City Center Park,Vilewood Mausoleum,The Living Church,Silver Forge Foundry,The Metroview Fire HQ,Silverstone Medical Institute,Scavenger’s Scrap Yard,Silver Pine Library,Crystal Ridge Mall,The Pillars of Time,The Robotic Arts Museum,Central NecroTech Lab,The Red Zone,Coldwater Plaza,Westridge Police Headquarters,The Burly Bear,Northgate Community College,Venture Court,Crossroads Freight Center
Engine Express Auto Care,The Diamond Garage,Infernal Grove Mausoleum,Saint Augustine's Church,Stonegate Foundries,Riverstone Fire Department,Bayview General Hospital,The Metal Pileup,Bridgetown Library,Ridgewood Shopping Complex,The Horizon Monument,The Exploration of the Unknown Museum,NecroTech Lab North Division,The Rainbow Room,The Plaza of Brightholm,Silverwood Law Enforcement,The Bald Eagle,Aspen Valley High School,Beverly Close,Wind River Storage
First Class Auto Service,Westside Carpark,Ashenvale Graveyard,Silver Oaks Church,Rising Sun Industries,Brighton Firehouse,Havenwood Memorial Health Center,Cinder Junkyard,Cedarwood Public Library,Coastal Bay Mall,The Forgotten Pathway,Museum of Global Legends,NecroTech Lab South Division,The Quantum Lounge,Stelterre Meadows,The Ironclad Police Center,The Grinning Goblin,Crystal Valley Academy,Carlile Road,Sunrise Depot
Fast Track Auto Repairs,The Parkhall Lot,Calamity Park Graveyard,Saint Charles Chapel,Hawkstone Steelworks,The Redwood Fire Station,Bridgetown Medical Center,The Lost Yard,Riverwalk Library,Whitesands Plaza,The Hero's Circle,The Ancient History Museum,NecroTech Lab East Division,The Beat Lab,Gaulberry Gardens,The Urban Safety Station,The Green Man,Lakeside Academy,Shire Place,Northwood Distribution Center
Precision Pit Stop,The Green Deck,Demonic Eye Necropolis,The Cornerstone Church,Silver Crest Manufacturing,Crestwood Fire HQ,Riverwalk General Hospital,The Scrap Mound,Golden Gate Library,The Ridge Shopping Center,Monument of the Lost Era,Museum of Historical Inventions,NecroTech Lab West Division,The Twilight Zone,Cudshaw Plaza,The Valleyview Police HQ,The Thirsty Bear,Windsor College,Piccadilly,Riverstone Warehouse
High Torque Garage,The Coastal Parking,Peace Gardens Memorial Park,Harvest Fellowship,Peak Performance Factory,Willowbrook Firehouse,Clearbrook Health Institute,Wreckers’ Haven,Clearbrook Library,Pine Valley Mall,The Tranquil Spire,The Mythology Museum,NecroTech Lab Central Division,The Strobe Room,Royal Isle Garden,Northgate Police Station,The Falcon’s Nest,Oakbrook Academy,Cavendish Street,Mountain Crest Logistics
All-Wheel Auto Shop,The Summit Garage,Field of Honor Memorial Park,Faithful Church,Atlas Forge Works,The Summit Fire Department,Crestwood Medical Complex,Reclaimers Junkyard,St. Peter's Library,Northview Plaza,The Monument of Everlasting Peace,Museum of Lost Worlds,NecroTech Lab Nexus Division,Lush Disco,Observatory Garden,Lakeview Justice Department,The Drunken Badger,Lakeview High School,Easton Street,Maple Leaf Warehouse
Crosstown Car Care,The Viewpoint Carpark,Flowerbed Cemetery,Saint Benedict's Church,Highland Steelworks,Sunset Ridge Fire Station,Lakeside Memorial Hospital,Scrap Kings Yard,Rosewood Public Library,Horizon Springs Mall,The Eternal Flame of Liberty,Museum of World Mythologies,NecroTech Lab Horizon Division,The Enigma Lounge,West Beach Park,Elmwood Police Headquarters,The Red Stag,Mountain View Academy,Barnfield Street,Crescent City Storage
Quick-Fix Auto Service,Riverside Lot,Oceanview Cemetery,River of Life Church,Sunset Manufacturing,Crescent Firehouse,Rosewood Regional Medical Center,Metal Haven Junkyard,Crosspoint Library,Shimmering Sands Mall,The Bridge of Dreams,Museum of Archaeological Finds,NecroTech Lab Omega Division,The Glitter Den,Keystone Grounds,Haven Hill Law Enforcement,The Blue Moon Tavern,St. Charles Preparatory School,Burgage Lane,Bluebird Distribution Hub
Custom Tune Garage,The City Hub Deck,Harmony Springs Cemetery,Sacred Grove Church,Titan Forge Foundry,City Limits Fire HQ,Eastbridge Healthcare Center,The Salvage Zone,Stonehill Library,Cedarwood Mall,The Great Tower of Voices,The Steam Age Museum,NecroTech Lab Prime Division,The Crystal Room,Grandview Park,Whitesands Police HQ,The Shimmering Moon,Riverside Community College,Pebmarsh Road,Beacon Ridge Storage
Swift Fix Auto,The Parkway Parkade,Soulburn Necropolis,Bright Future Church,Legacy Steel Fabrication,Northfield Fire Department,The Valley Medical Facility,The Rusted Reclaim,Forestview Library,Crescent City Shopping Center,The Infinity Arch,Museum of Future Inventions,NecroTech Lab Alpha Branch,The Prism Lounge,Greenbelt Gardens,The Pinecrest Police Department,The Broken Anchor,Pine Valley Academy,Southgate Crescent,Clearview Supply Warehouse
WrenchWorks Auto Shop,Lakeshore Carpark,Nefarious Hill Mortuary,Hope Church,Oakwood Industrial Works,Ridgeview Fire Station,Cypress Memorial Hospital,The Broken Yard,Maple Ridge Public Library,Twin Rivers Mall,The Silver Crescent,The Great War Museum,NecroTech Lab Beta Branch,The Night Wave,The Meadows of Vento,The City Hall Police Center,The Velvet Bell,Shoreline High School,Spinners Close,Horizon Peak Storage Facility
Overhaul Auto Repair,The Horizon Deck,Darkview Graveyard,Saint Anne's Chapel,Clearwater Foundry,Sagewood Fire HQ,Heartland Health Center,Ironclad Recyclers,Bridgemont Library,Windward Plaza,The Shattered Spire,Museum of Earth’s Prehistoric Past,NecroTech Lab Gamma Branch,The Velvet Wave,Terbury Garden,The Starlight Police Station,The Thirsty Fox,Westfield Academy,Sunningdale Walk,Shady Grove Distribution
Mobile Auto Care,The Grand Garage,Rotten Grove Mortuary,The Eternal Light Church,Edgewater Manufacturing,Bridgemont Firehouse,Bridgeport General Hospital,Cursed Junkyard,Shoreview Community Library,Shady Hills Mall,The Memorial Circle,Museum of Culture and Technology,NecroTech Lab Delta Branch,Neon Pulse,Sinliers Meadows,Shady Grove Police Department,The Lucky Duck,Crescent Hills Community College,Eckford Street,Ironheart Logistics
Raceway Repairs,The Metropark Lot,Chaos Mortuary,Saint Gabriel's Church,Phoenix Forge,Eastview Justice Fire HQ,Whitesands Medical Center,The Rust Spot,Greenfield Library,Clearbrook Shopping Center,The Monument of the Brave,The Museum of Scientific Discoveries,NecroTech Lab Epsilon Branch,The Vibe Chamber,Barringris Plaza,Clearwater Police Center,The Wandering Stag,Sunnybrook High School,Roehampton Rise,Stonebrook Warehouse
Sharp Tune Garage,The Mainstreet Deck,Park Lawn Cemetery,Living Stone Church,Iron Horse Fabrication,Coastal Fire Department,Mountain Ridge Health Institute,Iron Resurrectors,Sunshine Library,Riverbend Mall,The Monument to the Stars,The Enigma Museum,NecroTech Lab Zeta Branch,Midnight Vibes,Soundscape Grounds,The Metroview Police HQ,The Crooked Staff,New Horizons Academy,Broad Oak,Golden Valley Depot
Main Street Auto Service,The Downtown Lot,Willow Park Cemetery,The Church at Elmwood,Kingston Foundries,Mountainview Firehouse,Silver Pine Memorial Hospital,The Scavenger’s Pit,Suncrest Public Library,Bridgetown Plaza,The Flame of Sacrifice,Museum of Geological Wonders,NecroTech Lab Lambda Branch,The Electric Garden,Almond Park,Riverstone Police Department,The Winking Owl,Maplewood College,Fisher Avenue,River Rock Warehouse
Hot Rod Repair Shop,The Blue Sky Garage,Paradise Garden Cemetery,Holy Resurrection Church,New Horizons Steelworks,Horizon Fire Station,Crestview Medical Center,Recycled Steel Yard,Lakefront Library,The Village Mall,The Eternal Journey,The Cultural Heritage Museum,NecroTech Lab Pi Branch,The Lush Escape,New Forest Grounds,Brighton Police Station,The Sly Fox,Harborview High School,Oak Hill,Wedgewood Storage Center
Curbside Auto Care,The Boulevard Deck,Pine Grove Burial Grounds,Cross of Glory Church,Summit Steel Foundry,Silverpine Fire HQ,Beacon Hills Medical Complex,The Salvage Tomb,Twin Rivers Library,Eastbrook Mall,The Pillar of Destiny,Museum of the Apocalypse,NecroTech Lab Theta Branch,The Afterglow,Riverside Plaza,The Redwood Police Department,The Old Forge Tavern,Cedar Ridge Academy,Baileys Close,Silverpine Supply Warehouse
Perfect Pit Auto Service,The Pinnacle Lot,Pleasant Valley Memorial Gardens,Saint Matthew's Church,Northern Forge Works,Parkwood Firehouse,Rockwood Regional Hospital,The Junkyard Expanse,Lakeside Community Library,Bay Ridge Plaza,The Bronze Shield,Museum of Future Legends,NecroTech Lab Rho Branch,The Halo Club,Highland Plaza,Crestwood Law Enforcement,The Soaked Mug,Windward High School,Old Military Road,Stonebridge Distribution Hub
Ace Mechanic Garage,The Waterfront Parkade,Hollowvale Graveyard,Trinity Christian Church,Glacier Peak Foundries,Evergreen Fire Station,Willowcrest Health Facility,Scrap Kings Salvage Yard,Shimmering Sands Library,The Oakwood Mall,The Monument of Reflection,Museum of Ancient Wonders,NecroTech Lab Sigma Branch,Neon Haven,Silver Lake Meadows,Willowbrook Police HQ,The Silver Fox,Silverbrook Academy,The Pavilions,Bridlewood Warehouse
Wheely Good Repairs,The Silverline Parking,Broken Bones Graveyard,Lifeline Church,Redhawk Steelworks,Westpoint Fire Department,Maple Grove General Hospital,Salvage Kingdom,Parkhill Public Library,Crystal Bay Shopping Center,The Twilight Spire,The Museum of Endangered Species,NecroTech Lab Tau Branch,The Pulse Haven,The Grounds of Shaupids,The Summit Police Headquarters,The Whistling Wind,Eastwood Academy,Poltimore Road,Bayshore Logistics
Vintage Auto Service,Maplewood Carpark,Burned Forest Graveyard,New Covenant Church,Rocky Ridge Manufacturing,Crystal Fire HQ,Riverton Medical Center,Ironweld Junkyard,Harborview Community Library,Riverwalk Mall,The Celestial Lighthouse,The History of Civilizations Museum,NecroTech Lab Upsilon Branch,The After Party,Readmer Garden,Sunset Ridge Police Station,The Rusty Lion,Highland Pines College,Semley Road,Skyline Storage Hub
Redline Repairs,The Gateway Deck,Bone Yard Necropolis,Rock of Ages Church,Crescent Forge,Oakwood Firehouse,Springfield Memorial Hospital,The Waste Heap,Riverbend Library,Sunshine Plaza,The Silver Fountain,Museum of the Solar System,NecroTech Lab Chi Branch,The Vibe Collective,Engleline Meadows,The Crescent Police Center,The Merry Wench,Blue Sky Academy,Shaw Wood Close,Pine Valley Distribution
Street Racer Garage,Northwood Lot,Wayward Graveyard,Saint Bartholomew's Church,Crystal Lake Steelworks,Shoreline Fire Station,Westview Health Institute,The Scrapyard of Yesterday,Clearfield Library,Havenwood Shopping Center,The Memorial Garden,Museum of Scientific Exploration,NecroTech Lab Psi Branch,The Night Shift,Delterre Plaza,City Limits Police HQ,The King’s Arms,Lakefront High School,Leyton Close,Rockford Warehouse
Auto Experts Garage,The Triad Parking,Kingshill Burial Grounds,Sunshine Church,Eagle Forge Industries,Valley Fire Department,Oakwood General Hospital,The Metal Junkyard,Westgate Library,Sunset Grove Mall,The Wall of Remembrance,Museum of the Renaissance,NecroTech Lab Omega Branch,The Red Light District,Ladybug Grounds,Northfield Law Enforcement,The Smiling Dragon,Rivergate Academy,Ty-Draw Place,Sunnydale Storage
The Fix-It Shop,The Canyon Deck,Maple Hill Burial Grounds,True Vine Church,Blue Horizon Foundries,Riverview Fire HQ,Coastal Springs Medical Center,Ironclad Salvage Yard,Eastlake Community Library,Stonebrook Plaza,The Crystal Garden,The Time Traveler’s Museum,NecroTech Lab Alpha Facility,Glamour Nights,Mushroom Meadows,The Ridgeview Police Department,The Mellow Rabbit,Green Valley High School,Marfleet Close,Frost River Logistics
Fuel Pump Auto Care,The Metro Lot,Serenity Park Burial Grounds,Calvary Chapel,Solaris Manufacturing,Bayview Fire Station,Bridgemont Health Center,Wasteland Junk Pile,Whistler Library,Silver Ridge Mall,The Tower of Silence,Museum of Earth’s Wonders and Curiosities,NecroTech Lab Beta Facility,The Diamond Den,Wild Rose Garden,Sagewood Police Headquarters,The Angry Penguin,Maple Hill Academy,Mortlake Drive,Timberline Depot
Golden Garage Repairs,The Rolling Parkade,Rainbow Gardens Burial Grounds,Victory Christian Church,Steel Crest Foundry,Central Grove Firehouse,Eastlake General Hospital,The Scrap Domain,The Rosewood Library,Harborview Shopping Center,The Radiant Obelisk,The Global Exploration Museum,NecroTech Lab Gamma Facility,The Velvet Groove,Grand Avenue Grounds,Bridgemont Police HQ,The Wishing Well Pub,Beacon Ridge High School,Marston Grove,Oakwood Supply Warehouse
Elite Auto Shop,The Horizon Carpark,Graceland Burial Grounds,First Methodist Church,Marble Peak Industrial Works,Riverwood Fire HQ,St. Peter's Memorial Health Center,The Rust Belt,The Stonegate Library,Parkhill Mall,The Vault of Eternity,Museum of Artificial Life,NecroTech Lab Delta Facility,The Red Velvet Room,Rosemary Grounds,Eastview Justice Station,The Wandering Hare,Bridgeside Academy,Irene Street,Summitwood Distribution
Greenlight Auto Repair,The Big Deck,Gloomview Graveyard,Mount Sinai Church,Sunrise Forge Factory,Harbor Fire Station,Lakeshore Medical Institute,Old World Junkyard,Crystal Bay Public Library,The Commons Plaza,The Monument of the Celestials,The Creative Arts Museum,NecroTech Lab Epsilon Facility,The Moonlit Lounge,Wildlife Grounds,The Coastal Police Center,The Black Crow Tavern,Riverside Preparatory School,Magazine Road,Twin Oaks Warehouse
Auto Masters Service,The Parkway Plaza Lot,Bad Judgement Mausoleum,King's Cross Church,Titan Foundry Works,Redwood Heights Fire HQ,Whistler Memorial General Hospital,The Scrap House,Whistler Springs Library,Whistler Springs Mall,The Hope’s Passage,The Museum of Myth and Lore,NecroTech Lab Zeta Facility,Elysium Club,The Park of Gatifolk,Mountainview Law Enforcement,The Moonlit Cove,Stony Brook Academy,Eastern Esplanade,Evergreen Ridge Logistics
Revive Auto Garage,The Edgeview Garage,Forgotten Catacombs,Saint Mark's Chapel,Golden Forge Industries,Beaconhill Firehouse,The Glenwood Health Facility,Reclaimed Junkyard,Northstar Library,The Summitwood Mall,The Monument of Endless Dream,Museum of World Cultures,NecroTech Lab Lambda Facility,The Wonderland Lounge,Bosrey Gardens,The Horizon Police HQ,The Tired Horse,Springhill High School,Willoughby Close,Sunbeam Storage Center
Fixer’s Workshop,The Crossroads Lot,Obsidian Hill Catacombs,The Pathway Church,Rockwell Steelworks,Shadowside Fire Station,Riverpoint Medical Center,The Rust Ruins,Hillcrest Library,Stonewater Plaza,The Victory Spire,Museum of the Future Earth,NecroTech Lab Mu Facility,The Celestial Club,Onolow Park,Silverpine Police Department,The Tall Ship Tavern,Clearwater High School,Birdwood Road,Riverview Distribution Hub
The Auto Clinic,The Ridgeview Deck,Bad Judgement Necropolis,Faith Chapel,Stormwatch Manufacturing,Northview Justice Firehouse,Northwood Regional Hospital,Salvage Empire,Hollybrook Library,The Glenwood Shopping Center,The Lost Horizon Monument,The Pre-Columbian Art Museum,NecroTech Lab Nu Facility,The Luxe Room,Bloomsons Plaza,Parkwood Police Center,The Blind Badger,Mountain Springs Academy,Hopper Street,Willow Creek Warehouse
Timeless Auto Repair,The Golden Gate Carpark,Spring River Memorial Gardens,Saint Patrick's Church,Clearview Foundries,Cypress Fire HQ,Ridgeview Memorial Center,Scrap Haven Yard,Oakridge Library,The Crossroads Mall,The Monument of Transcendence,Museum of Forgotten Arts,NecroTech Lab Xi Facility,The Secret Club,Discovery Plaza,The Evergreen Police Station,The Ember’s Glow,Oak Ridge Community College,Swindon Road,Cedar Valley Supply Center
Razor Edge Garage,The Pinecrest Lot,Angelwatch Memorial Gardens,The Church of Light,Millstone Steelworks,Old Bridge Fire Station,Harborview General Health Center,The Rusted Wreck,Cypress Grove Library,Parkside Plaza,The Dawn Fortress,Museum of Natural Wonders and Curiosities,NecroTech Lab Pi Facility,The Flash Dance,Majestic Plaza,Westpoint Police Department,The Silent Knight,River Rock Academy,Smithies Lane,Hawk's Nest Storage
Junction Auto Shop,The Urban Plaza Parkade,Little Rock Cemetery,Hillcrest Church,Vanguard Forge,Sunrise Firehouse,Crystal Bay Medical Complex,The Junk Mountain,Ridgeview Public Library,Willowbrook Mall,The Golden Obelisk,Museum of the Future World,NecroTech Lab Rho Facility,The Diamond Vault,Riverbank Gardens,The Crystal Police HQ,The Broken Crown,Westgate Academy,Belsize Avenue,Mountain Forge Depot
All Wheels Auto Care,The Southdeck Parking,Sunnyside Memorial Park,Grace and Glory Church,Iron Mountain Manufacturing,Westlake Fire Department,Sunrise Hills General Hospital,Old Steel Salvage Yard,Stonebrook Library,Mountainview Plaza,The Monument of Valor,Museum of Global Evolution,NecroTech Lab Sigma Facility,Lush Garden,Twin Lake Grounds,The Oakwood Police Headquarters,The Midnight Owl,Cedar Creek High School,Oakville Avenue,Riverbend Warehouse
Mechanical Fix Garage,The Grandview Garage,Goodsprings Cemetery,Church of the Redeemed,Victory Foundry,Pinehill Fire HQ,The Edgewood Medical Facility,The Iron Reclaimers,Brookfield Public Library,Golden Ridge Mall,The Crowned Arch,The Extinct Species Museum,NecroTech Lab Tau Facility,The Wild Pulse,Hazelnut Gardens,Shoreline Police Department,The Golden Cup,Silver Leaf Academy,Barnard Grove,Edgewater Distribution Center
MotorFix Auto Service,The Central Lot,Sombre Oak Crypts,Saint John the Baptist Church,Prime Forge Industries,Junction City Fire Station,Redwood Grove Health Center,The Rust Graveyard,The Glenwood Library,The Crescent Mall,The Eternal Cross,Museum of the Ancient Sciences,NecroTech Lab Upsilon Facility,The Velvet Kiss,Crossroad Garden,The Valley Police Station,The Queen’s Arms,Stonegate Preparatory School,Flint Road,Northgate Storage Facility
Hands-On Car Care,The Riverside Deck,Ebonwood Mausoleum,Glorious Hope Church,Majestic Steelworks,Meadowview Firehouse,Pinecrest Memorial Hospital,The Junkyard Labyrinth,Windmill Springs Library,Valley Springs Shopping Center,The Pathway of Souls,Museum of Ancient Wonders and Myths,NecroTech Lab Chi Facility,The Sinister Club,The Plaza of Burworth,The Riverview Police HQ,The Tattered Flag,Cedar Hills High School,Howgill Lane,Coastal Range Logistics
Auto Labor Garage,The Willowdale Lot,Spitegrove Graveyard,The River Church,Eaglecrest Foundries,Greenwood Fire Department,Cedarwood Medical Institute,The Metal Works Yard,Coastal Bay Library,Rockford Mall,The Monolith of Time,Museum of Global Treasures,NecroTech Lab Psi Facility,Euphoria Lounge,Brownchill Meadows,The Bayview Police Department,The Stag’s Head,Redwood Community College,Barnes Place,Braveheart Supply Warehouse
Engine Works Auto Shop,Parkview Garage,Dragonash Mortuary,Cornerstone Fellowship,Redwood Industrial Works,Westgate Firehouse,Stonegate General Health Center,Rubble Yard,The Beacon Hill Library,The Pines Mall,The Arc of Victory,The Lost Technology Museum,NecroTech Lab Omega Facility,The Silver Room,Duncaster Gardens,Central Grove Police HQ,The Barley Mill,Westwood High School,Woodview Avenue,Morning Dew Depot
Shift-Up Auto Repairs,The Transit Lot,Sorrow Pit Mortuary,The Kingdom Church,Horizon Forge Factory,Bridge City Fire Station,Northwood Medical Center,The Scrap Hill,The Crossroads Library,The Creekside Shopping Center,The Great Eclipse Memorial,Museum of Modern History,Urban NecroTech Lab,Vivid Groove,Broadrood Grounds,The Riverwood Police Center,The Golden Eagle,Silver Pines Academy,Blaydon Close,Silver Sands Warehouse
Backroad Auto Service,Sunrise Parking Lot,,Saint Francis of Assisi Church,Steelworks Manufacturing,Rivertown Fire HQ,Sunset Crest Memorial Hospital,Junk World Yard,Sunset Ridge Library,Ridgecrest Plaza,,Museum of Ancient Myths,Legacy NecroTech Lab,The Beatdown,,The Harbor Police Station,The Starlit Tavern,Evergreen College,,Hampton Ridge Storage
Total Car Care,The Old Mill Garage,,Redemption Church,Redstone Steel Foundry,Crosspoint Firehouse,Valley Springs Medical Complex,The Old Iron Scrap Yard,The Willow Springs Library,The Crosspoint Mall,,Museum of Evolutionary Biology,Synthesis NecroTech Lab,Glow Realm,,Redwood Heights Police HQ,The Bitter Barrel,Maple Valley High School,,Sapphire Valley Logistics
The Pit Crew Garage,The Crosswalk Deck,,Eagle's Nest Church,Golden Valley Fabrication,Lakeside Fire Station,Lakeside Health Institute,The Rust Ruin Yard,Riverpoint Library,Brightwood Shopping Complex,,Museum of Lost Civilizations,Vanguard NecroTech Lab,The Crystal Ballroom,,The Beaconhill Police Center,The Dancing Crane,Woodcrest Academy,,Lakeshore Freight Center
Auto Repair Authority,,,Shining Light Church,Northwind Foundry Works,Maplewood Firehouse,Oakridge General Health Center,Wreckage Reclaimers,Whiteshore Library,The Harbor Mall,,The Invention Museum,Sector 7 NecroTech Lab,The Lost Soul,,Shadowside Police Headquarters,The King’s Court,St. Francis Academy,,Windfall Storage Hub
Quick Fix Car Garage,,,The New Covenant Chapel,Next Horizon Steelworks,Mountaincrest Fire HQ,Summitview Medical Center,The Metal Junction,Horizon Park Library,Hillcrest Plaza,,The Cosmic Arts Museum,Sector 9 NecroTech Lab,The Mirage Lounge,,The Northview Justice Station,The Dusty Mug,Valley High Academy,,Greenfield Distribution
Rev It Up Repairs,,,Good News Fellowship,Fortified Foundry Works,Eastpark Fire Department,Rockford Memorial Health Facility,Rusty Scrap Yard,The Lakeside Grove Library,Silvercreek Mall,,Museum of the Extraordinary,Phoenix NecroTech Lab,The Deep Dive,,Cypress Police Department,The Swirling Seas,Skyline College,,Skyview Supply Warehouse
Roadside Mechanic Service,,,Saint Peter's Fellowship,Thunder Peak Manufacturing,Windmill Firehouse,Brookfield General Hospital,Graveyard of Wreckage,Mountain Ridge Library,Cedar Grove Shopping Center,,Museum of the Legendary Epoch,Nova NecroTech Lab,The Pulse Beat,,The Old Bridge Police HQ,The Brimming Barrel,Blue Ridge Academy,,Redwood Ridge Storage
Precision Wheel Repair,,,The Rock Fellowship Church,Riverstone Industrial Works,Liberty Fire Station,Mountainview Medical Complex,The Scrap Swamp,The Crestview Library,Pinecrest Mall,,The Evolution of Species Museum,Echo NecroTech Lab,The Blacklight Lounge,,The Sunrise Police Station,The Cheeky Cockerel,Creekside High School,,Shady Glen Warehouse
Clearview Auto Shop,,,Saint David's Church,Pinnacle Forge Works,City Heights Firehouse,Greenfield Memorial Center,The Iron Yard Kings,Valley Springs Library,Bright Horizons Mall,,Museum of Ancient Exploration,Legacy Research NecroTech Lab,The Velvet Sphere,,Westlake Law Enforcement,The Lucky Pigeon,Forest Glen Academy,,Evergreen Ridge Depot
Premier Auto Garage,,,City of Hope Church,Greenfield Manufacturing,Creekside Fire HQ,Silverlake Regional Medical Center,The Old Salvage Yard,Riverside Grove Library,Clearwater Grove Plaza,,The Ancient Civilizations Museum,Frost NecroTech Lab,The Dream Lounge,,Pinehill Police HQ,The Hopping Hare,Horizon Valley School,,Westbrook Logistics Hub
Perfect Drive Repair,,,The Eternal Word Church,Steeltown Fabrication,Coastal Guard Fire Station,Stonehill General Hospital,The Steel Ruins,Windward Library,Silver Ridge Plaza,,Museum of the Future,Tesseract NecroTech Lab,The Pulse Room,,The Junction City Police HQ,The Golden Key,Red Maple High School,,Mountain Spring Storage
Tuned Up Garage,,,Victory Chapel,Stormforge Steelworks,Rockford Fire Department,Willow Springs Health Facility,The Rust Pit,The Valleyview Library,Lakefront Mall,,Museum of the Global Odyssey,Solstice NecroTech Lab,The Nightshift Lounge,,The Meadowview Police Department,The Silver Tap,Timber Ridge Academy,,Oceanview Supply Warehouse
Maxed-Out Car Service,,,Holy Communion Church,Golden Peak Foundry,North Ridge Firehouse,Parkland Memorial Medical Center,The Metal Graveyard,The Summitwood Library,Hawthorne Grove Mall,,Museum of Ancient Knowledge,Veridian NecroTech Lab,The Electric Boom,,Greenwood Police Station,The Thundering Hoof,Oak Grove High School,,Crystal Ridge Warehouse
Lube & Oil Auto Repairs,,,Gospel of Grace Church,Ironhill Foundries,Heartland Fire HQ,Shoreview Health Institute,Iron Fortress Junkyard,The Pinecrest Library,Whistler Mall,,Museum of Human Achievement,,The Velvet Castle,,The Westgate Police HQ,The Frosty Barrel,Sunshine Preparatory School,,Harrison Valley Storage
Revolution Auto Shop,,,Saint Louis Church,Capital Forge Works,,New Horizon General Hospital,The Crushed Iron Yard,Harbor Springs Library,Windmill Springs Plaza,,The Museum of Introspection,,The Crimson Pulse,,The Bridge City Police Department,The Wily Wolf,Southgate Academy,,Maple Ridge Logistics Hub
Roadmaster Garage,,,Church of the Open Door,Cedarwood Steelworks,,Riverbend Medical Center,Salvage Cove,Clearwater Grove Library,Riverpoint Mall,,The Museum of Exploration and Discovery,,The Golden Pulse,,Rivertown Police Center,The Royal Oak,Riverwood High School,,Oak Ridge Storage Facility
RPM Auto Repairs,,,Everlasting Life Church,Summit Manufacturing Hub,,Pine Valley Memorial Hospital,The Junkyard Fort,Silver Ridge Public Library,The Plaza at Birchwood,,Museum of the Timeless Past,,The Electric Dream,,The Crosspoint Police Station,The Crow’s Tavern,Silver Pines High School,,Iron Forge Distribution
Driveway Mechanics,,,The Christ Chapel,Silverstone Industrial Works,,Northstar Regional Health Center,Scrap City Yard,Evergreen Grove Library,Riverstone Plaza,,The Time Capsule Museum,,The Crystal Palace,,Lakeside Police Department,The Broken Wagon,Hawthorne Academy,,Swift River Warehouse
Speed Repair Auto Care,,,Faith and Praise Church,Pioneer Forge,,Lakeshore Memorial Medical Center,The Rust Mines,The Oceanview Library,Shady Springs Mall,,Museum of Prehistoric Wonders,,The Mirage Zone,,The Maplewood Police HQ,The Silent Swan,Sunset Ridge College,,Pine Hollow Logistics
On-Track Auto Service,,,The Worship Center Church,Sunrise Steelworks,,Hillcrest General Hospital,Iron Wreckers Yard,Silver Creek Library,The Crestview Mall,,The Art of Survival Museum,,The Party Palace,,Mountaincrest Police Center,The Fallen Oak,Westwood Academy,,Crystal Springs Storage
Fix & Go Garage,,,Saint Mary's Church,Legacy Foundries,,Forestview Medical Center,Recyclers’ Haven,Brightwood Community Library,The Oakview Mall,,,,Lushland,,Eastpark Police Department,The Frosty Flask,Mountain Valley High School,,Golden Peak Warehouse
Golden Valley Auto Repairs,,,New Horizon Church,Silvercliff Manufacturing,,Summerset Medical Institute,The Old Rust Yard,The Riverwalk Library,The Valleyview Plaza,,,,The Sky Lounge,,The Windmill Police HQ,The Spotted Fox,Willowbrook Academy,,Highland Ridge Depot
Skyline Auto Repair Shop,,,Saint Therese's Church,Vanguard Forge Factory,,Hollybrook General Health Center,Wreckage Salvage Yard,Hawthorne Grove Library,The Ridgeview Mall,,,,The Glitter Palace,,The Liberty Police Department,The Gritty Goose,Crystal Mountain High School,,Ironwood Freight Center
Lifter's Garage,,,The Gathering Church,Windward Foundries,,Suncrest Memorial Hospital,The Scrap Tower,Lakeshore Springs Library,The Summit Plaza,,,,The Neon Club,,City Heights Police HQ,The Midnight Mug,Clear Ridge Academy,,Windy Ridge Storage Facility
Brakes & Bearings Shop,,,Sacred Ground Church,Steel Ridge Fabrication,,Hilltop Health Institute,The Steel Bin,Pinewood Public Library,Riverside Grove Mall,,,,The Cosmic Pulse,,The Creekside Police Station,The Old Lantern,Oceanview Academy,,Greenstone Distribution Hub
Endurance Auto Service,,,Open Door Christian Church,Pioneers Forge Works,,Clearfield General Hospital,Scrap and Steel Yard,Summit Heights Library,Cedar Springs Shopping Center,,,,The Liquid Beat,,The Coastal Guard Police HQ,The Gloomy Gull,Westfield College,,Sunset Hollow Warehouse
Clear Path Car Care,,,Saint Joan of Arc Church,Crimson Peak Steelworks,,The Oaks Regional Medical Center,The Wreckers’ Zone,Rockwood Springs Library,Evergreen Mall,,,,The Velvet Vibe,,The Rockford Police Department,The High Tide Pub,Sunrise Academy,,Steel Mountain Depot
Fix It Now Auto Repair,,,The Spirit of Truth Church,Pinehill Manufacturing,,Southfield Memorial Hospital,Salvage Grounds,Stonewater Library,Windward Ridge Mall,,,,,,North Ridge Police Center,The Wild Hound,Northwood Preparatory School,,Silver Oak Warehouse
Auto Vault Garage,,,Grace Fellowship Chapel,Rockmount Steelworks,,Twin Rivers Medical Facility,The Rust Yard,Riverstone Grove Library,,,,,,,The Heartland Police HQ,The Twisted Horn,Lakewood Academy,,Rolling River Distribution
Peak Performance Auto Care,,,Kingdom Builders Church,Crestview Foundries,,Sunshine Health Center,Iron Scrapyard Kings,The Hillside Library,,,,,,,,The Wandering Mule,Birch Ridge High School,,Starview Storage Center
Wrench Master Auto Shop,,,The House of Prayer,Highland Forge Factory,,,,The Crystal Springs Library,,,,,,,,The Blue Lantern,Stonehill Academy,,Stonewall Logistics Hub
,,,,Crystal Ridge Manufacturing,,,,,,,,,,,,The Shattered Tankard,Pine Ridge High School,,Kingfisher Supply Warehouse
,,,,New Dawn Foundries,,,,,,,,,,,,The Grinning Fox,Parkview Community College,,Whispering Pines Warehouse
,,,,Cedar Forge Works,,,,,,,,,,,,,Shady Creek Academy,,Silver Springs Logistics
,,,,Lakeshore Steelworks,,,,,,,,,,,,,Golden Horizon High School,,Maple Springs Depot
,,,,Clearfield Manufacturing,,,,,,,,,,,,,Crestwood Academy,,Highland Park Warehouse
,,,,Prime Foundries Works,,,,,,,,,,,,,Silverstone Preparatory School,,Clearwater Ridge Storage
,,,,Sunrise Forge Works,,,,,,,,,,,,,Bright Valley Academy,,
,,,,Ironwood Foundries,,,,,,,,,,,,,,,
,,,,Horizon Forge Hub,,,,,,,,,,,,,,,
,,,,Riverbend Manufacturing,,,,,,,,,,,,,,,
,,,,Eastfield Steelworks,,,,,,,,,,,,,,,
,,,,Griffin Forge Factory,,,,,,,,,,,,,,,
