AUTO_REPAIR,CARPARK,CEMETERY,CHURCH,FACTORY,FIRE_STATION,HOSPITAL,JUNKYARD,LIBRARY,MALL,MONUMENT,MUSEUM,NECROTECH_LAB,NIGHTCLUB,PARK,POLICE_DEPARTMENT,PUB,SCHOOL,STREET,WAREHOUSE,OFFICE
Speedy Auto Repair,Sunset Parking,Summer Hill Cemetery,Grace Cathedral,Ironclad Manufacturing,Central Fire Station,Mercy General Hospital,Rusty Relics Junkyard,The Crescent Library,Silver Grove Mall,The Eternal Flame,Museum of Modern Art,The Wrenford Building,The Velvet Room,Thornbush Meadows,Central Police Station,The Rusty Anchor,Bright Future Academy,Hargreaves Court,Ironclad Storage,The Bennington Building
Precision Car Care,The Gated Garage,Pioneer Burial Grounds,Saint Michael's Church,Pioneer Steelworks,Eastside Firehouse,St. John's Medical Center,Gravel Pit Salvage,Riverside Public Library,Maplewood Plaza,Monument of Unity,National History Museum,The Charleston Building,Pulse Nightclub,Willow Plaza,Riverside Precinct,The Wobbly Wheel,Riverside High School,Tollgate Drive,Redwood Warehouse,The Hargreaves Building
Revved Up Repairs,The Park & Ride,Sapphire Springs Memorial Park,Holy Redeemer Church,Summit Fabricators,Westend Fire Station,Riverside Memorial Hospital,Ironclad Junkyard,Silverwood Library,Crystal Springs Mall,The Freedom Pillar,The Science and Innovation Museum,The Lindley Building,The Rainbow Lounge,Songbird Plaza,Eastside Law Enforcement,The Drunken Sailor,Sunset Academy,Holmes Chapel Road,Horizon Logistics,The Marlowe Building
Wrench & Wheel Garage,Midtown Parking Lot,Harmony Grove Cemetery,Sacred Heart Chapel,Blue Ridge Foundry,Riverside Fire Department,Pine Ridge Medical Facility,Cinder Hill Scrap Yard,Westfield Community Library,Parkview Shopping Center,The Iron Eagle,Museum of Ancient Civilizations,The Millington Building,Neon Dreams,Clear Lake Meadows,West End Police HQ,The Thirsty Lion,Pinewood Community College,Goyt Road,Skyline Distribution Center,The Elsmore Building
Turbo Tune-Ups,Parkway Plaza,Sunnyside Cemetery,Christ the King Church,Vanguard Industries,Downtown Fire HQ,Eastwood Healthcare Center,Wasteland Recyclers,Maple Grove Library,Sunset Ridge Mall,Grand Gateway Arch,World Heritage Museum,The Holbrook Building,Euphoria Club,Raccoon Gardens,Hilltop Police Department,The Broken Barrel,Silver Ridge High School,Upland Road,Steel Valley Warehouse,The Gatwick Building
Piston & Pin Auto,The Urban Deck,Forgotten Graveyard,Saint Joseph's Church,Sunrise Manufacturing,Pine Ridge Firehouse,Silverstone Regional Hospital,Scrap Haven,Bright Horizons Library,Riverstone Mall,Liberty's Crown,Museum of Natural Wonders,The Dinsmore Building,The Gilded Beat,Wildlife Grounds,Downtown Police Station,The Shady Oak,Westbrook Academy,Oberon Way,Pioneer Depot,The Hopkinson Building
Fix-It Fast Garage,Silver Lot,Shadow Graveyard,Holy Cross Cathedral,Titan Works,Mountainview Fire Station,Sunset Valley Medical Center,Old World Salvage,Pine Ridge Library,Golden Oaks Mall,The Pillar of Justice,The Lost Artifacts Museum,The Fenwick Building,Spectrum Lounge,The Gardens of Lanidurn,Northview Police Center,The Old Mill Tavern,Summit Heights College,Back South Street,Riverside Storage Facility,The Stockwell Building
Driveway Auto Service,Riverview Garage,Wickedvale Crypts,First Baptist Church,Prime Industries,Lakeview Fire Department,Clearwater Health Hospital,The Rust Heap,Eastview Public Library,The Plaza at Ridgewood,Victory Obelisk,Futuristic Technology Museum,The Hornby Building,Electric Sky,Beddingdale Meadows,Midtown Law Enforcement,The Quiet Pint,Maple Leaf Academy,Selworthy Drive,Union Freight Warehouse,The Ledbury Building
Revival Auto Repair,The Central Park Lot,Perished Grove Tombs,New Hope Church,ForgeTech Factory,The Beacon Fire Station,Crescent City Medical Center,The Iron Yard,Clearwater Library,Lakeside Shopping Complex,The Peaceful Dove,The Robotics and AI Museum,The Oakley Building,The Mirage,Winterwall Gardens,Sunset Police Headquarters,The Tipsy Tavern,Evergreen High School,Parc Derwen,Summit Distribution Hub,The Gainsborough Building
Hometown Car Care,The Skydeck Parking,Burning Soul Graveyard,Saint Paul's Church,Horizon Foundries,Sunset Fire HQ,Woodland Springs Hospital,The Junk Vault,Golden Oak Library,Horizon Bay Mall,Tower of Resolve,National Museum of Natural History,The Holgate Building,Crimson Nights,Lary Gardens,Lakeview Police Station,The Hollow Oak,Lakeshore Academy,Summerdale Road,Titan Storage Facility,The Brighton Building
Quick Shift Garage,Pinecrest Parkade,Angel Point Cemetery,Good Shepherd Chapel,Golden Gate Fabrication,Maplewood Firehouse,Oakdale Medical Complex,Metal Wreckers,Sunset Valley Library,The Commons Shopping Center,The Eternal Watch,Museum of Prehistoric Life,The Carlisle Building,The Underworld,Heavenly Gardens,The Old Police House,The Sailor’s Rest,Greenfield School for Excellence,High Grove,Copperfield Storage,The MacPherson Building
Torque Masters,The Overpass Lot,Last Rest Cemetery,Saint Peter's Cathedral,Steel & Stone Works,City Central Fire Department,Harborview Medical Institute,Salvage Fortress,Harborview Library,Eastgate Mall,The Forgotten Guardian,Museum of Art and Culture,The Dudley Building,The Vibe Vault,Angelwing Gardens,City Central Precinct,The Stumbling Fox,Cedarwood Academy,Burnley Street,Westfield Logistics,The Ferndale Building
Gearhead Garage,Metro Carpark,Grandforest Cemetery,Covenant Church,Legacy Manufacturing,Crescent City Fire HQ,Golden Gate Hospital,Rusty Plains Junkyard,Northgate Public Library,Pinecrest Plaza,The Triumph Arch,The History of War Museum,The Brookfield Building,Glow Haven,Great Valley Park,Silverstone Police HQ,The Golden Tankard,Hillcrest High School,Chilham Road,Maple Street Warehouse,The Hawthorne Building
Clutch City Repairs,The Crescent Deck,Heritage Cemetery,Grace Fellowship Church,Northstar Industries,Silverstone Fire Station,Maplewood Healthcare Center,The Scrap Depot,Greenwood Library,Westfield Shopping Mall,Memorial of the Fallen,The Human Evolution Museum,The Galveston Building,Lush Lounge,Silver Lake Park,Pine Ridge Law Enforcement,The Wandering Monk,Golden Valley Community College,Wembley Gardens,Golden Gate Storage,The Timberlake Building
Pit Stop Auto Service,Starlight Parking,Oceanview Memorial Gardens,Emmanuel Church,Evergreen Foundry,Parkwood Firehouse,Starlight Regional Hospital,Iron Ridge Salvage,Cedar Ridge Library,Harborview Center,The Celestial Spire,The Great Exhibitions Museum,The Edgerton Building,The Pulse Room,Maple Wood Park,Crescent City Police Department,The Brass Lantern,Redwood Academy,Mission Lane,Mountain Peak Warehouse,The Becket Building
Silverline Auto Repair,Echo Park Lot,Wicked Eye Graveyard,Trinity Chapel,Crystal Peak Steelworks,Hilltop Fire Department,Lakeview General Hospital,The Shattered Yard,Redwood Hills Library,Lakeshore Mall,Monument of Hope,Museum of Fossils and Minerals,The Barnett Building,Vivid Nights,Long Lake Plaza,Riverbank Police Headquarters,The Copper Kettle,St. Augustine’s School,Marron Close,Falcon Ridge Distribution,The Rolleston Building
Rugged Road Garage,Ironwood Parking,Malevolent Garden Tombs,Riverside Church,Innovative Machining,Brookside Fire Station,Westfield Medical Center,Rogue Salvage Yard,Parkwood Community Library,Cedar Ridge Mall,The Sapphire Obelisk,Museum of the World’s Wonders,The Mowbray Building,The Prism Club,The Meadows of Sinrose,The Beacon Police Station,The Last Drop,Clearwater High School,Littleton Street,Beacon Storage Center,The Ravenscroft Building
Engineered Fix Auto,Sunrise Parkade,Corruption Graveyard,Blessed Sacrament Church,Centurion Manufacturing,Clearwater Fire HQ,Bright Horizons Hospital,The Junk Pit,Sunrise Public Library,Oakwood Plaza,The Silent Sentinel,The Forgotten Artifacts Museum,The Addiscott Building,The Glitter Box,Wickwell Meadows,Maplewood Law Enforcement,The Golden Mug,Riverbend Academy,Dart Road,Liberty Supply Warehouse,The Chatfield Building
Master Mechanic Garage,The Northern Deck,Foulvale Graveyard,Church of the Good Shepherd,Titanium Factory,Woodland Firehouse,Horizon Medical Institute,Iron Haven Junkyard,Woodland Springs Library,Sunrise Shopping Center,The Radiant Tower,Museum of the Cosmos,The Oakfield Building,The Inferno,Cardbridge Meadows,The District Police Center,The Red Hare Pub,Blue Ridge College,Taylor Road,Sunrise Logistics Hub,The MacLaren Building
Powertrain Repairs,Southpoint Parking,Necropolis Crypts,Mount Zion Church,Silverline Foundries,Golden Gate Fire Station,Eastview General Hospital,Steel Scrapyard,The Grove Library,Greenwood Mall,Pillar of the Ancients,Global Heritage Museum,The Denholm Building,The Liquid Lounge,Otterdosa Gardens,Lakeshore Police HQ,The Silver Crown,Summit Park Academy,Pant Street,Grandview Storage Facility,The Blyth Building
Highway Auto Service,Hilltop Park & Ride,Spring Garden Burial Grounds,Saint Andrew's Church,Eagle Eye Fabrication,The Vault Fire Department,Greenfield Memorial Hospital,The Rustpile,Lakeside Library,Rockview Plaza,The Silent Bell,The Museum of Lost Knowledge,The Osborne Building,Fever Dreams,Snowflake Park,Mountainview Police Department,The Wailing Widow,Horizon Ridge School,Oakwood Court,Vanguard Depot,The Moorfield Building
Metro Auto Care,The Mill Parking Lot,Tribute Field Cemetery,Saint Mary's Cathedral,Redwood Manufacturing,The Metro Fire Center,Parkwood Regional Medical Center,The Crushed Can Yard,Westlake Library,Silverstone Mall,Arc of the Phoenix,Museum of Technological Advancement,The Harlech Building,The Electric Avenue,Rainbow Park,Parkwood Police Station,The Twisted Barrel,Sunrise College,Tavistock Drive,Harborview Warehouse,The Stanford Building
Rolling Repairs Garage,Central City Deck,Eastlawn Memorial Gardens,Living Word Church,Summit Forge,Sunrise Fire HQ,Clearview Health Institute,Old Metal Traders,Mountainview Public Library,Mountain Ridge Mall,The Celestial Bridge,The Exploration Museum,The Greenwich Building,The Starlight Club,Crossroad Gardens,Brookside Law Enforcement,The Black Horse,Northern Pines High School,Brabourne Avenue,Cedar Hill Distribution,The Cromwell Building
AutoFix Express,Shady Grove Carpark,Fairview Cemetery,Peaceful Grove Church,Alpha Industrial Works,The District Firehouse,Redwood City Medical Center,The Junk Den,Beacon Hill Library,Shady Grove Shopping Center,The Golden Comet,World of Artifacts Museum,The Parkhurst Building,Rainbow Rave,Pleasant View Meadows,Riverside Enforcement Center,The Gilded Goose,Woodland Academy,Ashworth Drive,Northstar Storage Hub,The Stanton Building
Exhaust & Spark Garage,The Dockside Lot,White Light Memorial Gardens,All Saints Church,Fortress Foundries,Riverbank Fire Department,The Heights General Hospital,Steelworks Yard,Riverstone Library,The Grand Mall,The Reflecting Pool,The Industrial Revolution Museum,The Kingsley Building,The Luxor Lounge,Bearhug Meadows,The Redoubt Police HQ,The Lost Shepherd,Crystal Springs High School,Parham Road,Riverbend Freight Center,The Lonsdale Building
Blue Sky Auto Repairs,The Rolling Parking Deck,Nefarious Hill Necropolis,Hope Springs Chapel,Valley Forge Industries,The Oak Street Fire HQ,Silverwood Medical Complex,Salvage Hollow,Eastbrook Library,Windmill Ridge Mall,Monument of Dawn,Museum of Space Exploration,The Charnwood Building,Twilight Haven,Cypress Park,Seaview Police Department,The Muddy Boot,Harborview Academy,Sheppard Way,Blue Ridge Storage,The Carlton Building
Diamond Tune Auto,Cedarview Garage,Netherspring Catacombs,The Rock Church,Ironwood Fabricators,Sunset Hill Fire Station,Mountainview Regional Hospital,Wreckage World,Crystal Springs Library,Riverside Plaza,The Iron Heart,The Evolution of Mankind Museum,The Lamberhurst Building,The Beatnik,The Grounds of Drumstead,Union Square Police Station,The Wild Boar,Silver Mountain School,Barbican Road,Silverleaf Distribution Warehouse,The Bradbury Building
Streetwise Repair Shop,The Parked Plaza,Banshee Hill Mortuary,Saint Thomas Church,Steel Frontier Works,Eastbridge Fire Department,Willowbrook Health Center,The Rubbish Yard,Horizonview Public Library,Clearview Shopping Mall,The Monument of Stars,National Gallery of Art,The Barkley Building,Disco Inferno,Berknigan Park,Golden Gate Law Enforcement,The Crow’s Nest,Pinecrest Academy,Millersdale Close,Crystal Lake Storage,The Fairchild Building
Overdrive Auto Garage,The Glass Deck,Forgotten Tombs,Kingdom Life Church,Maverick Manufacturing,Bridgeview Firehouse,Riverstone Medical Center,Grim Salvage Yard,Clearview Community Library,Harbor Pines Mall,The Steel Rose,The Galactic History Museum,The Collingwood Building,Moonlit Mirage,Ituden Garden,Parkland Police Department,The Wooden Spoon,Shady Grove High School,Jamaica Street,Evergreen Freight Hub,The Hadley Building
All-Star Car Care,Seabreeze Parking Lot,Black Snow Graveyard,Christ the Redeemer Church,Protech Industries,The Junction Fire HQ,Old Town Medical Institute,The Junk Barn,Silverstone Library,Crescent Valley Mall,The Arc of Eternity,Museum of Cultural Heritage,The Paddington Building,The Underground,Ingerboia Meadows,Westshore Police HQ,The Ragged Bear,Bluewater College,Heatherwood Close,Windsor Storage Center,The Eastgate Building
Top Gear Auto Shop,Moonlight Carpark,Greenhill Memorial Park,Saint Luke's Cathedral,Eclipse Steelworks,Horizon City Fire Station,Brookstone Healthcare Center,Ironworks Junkyard,The Commons Library,The Waterfront Shopping Center,The Echoing Chamber,The Archeology Museum,The Ashton Building,The Velvet Oasis,Bearhug Park,The Oak Street Police Center,The Stormy Petrel,Green Hills Academy,Conyers Road,Aspen Valley Warehouse,The Beauchamp Building
Precision Auto Repair,The Parkside Lot,Rosevale Memorial Gardens,First Presbyterian Church,Global Factory Systems,Cityscape Firehouse,Sunrise Memorial Hospital,Scavenger’s Haven,Starlight Library,Valleyview Plaza,Fountain of Serenity,The Future of Humanity Museum,The Barlow Building,Cosmic Groove,Ravine Garden,Sunset Hill Police Department,The Boar’s Head,Redstone High School,Kirk Lane,Sunset Ridge Depot,The Gillingham Building
Full Throttle Auto Service,Beaconview Parking,Riverview Memorial Gardens,Faith Community Church,Mountain Peak Foundry,Riverside Fire Center,Northgate General Hospital,The Scrap Pit,Brookstone Public Library,Westlake Mall,Monument of the Fallen Heroes,Museum of Lost Empires,The Templeton Building,The Midnight Hour,Cottonfield Garden,Eastbridge Police Headquarters,The Rusty Nail,White Oak Academy,Old Hall Court,Valley Forge Warehouse,The Norfield Building
Quick Turn Auto Repair,The Twin Decks,Last Rest Burial Grounds,St. John's Church,Coral Fabrication Works,Woodland Hills Fire HQ,St. Mary's Medical Complex,Broken Steel Yard,The Beacon Library,Stonegate Shopping Center,The Liberty Stone,Museum of Earth Sciences,The Bellingham Building,The Cloud Nine,Sunset Meadows,Bridgeview Police Station,The Iron Oak,Golden Oaks High School,Widdrington Road,Thunderbird Storage Facility,The Bloomfield Building
Speedline Auto Care,Westbay Garage,Emerald Forest Memorial Park,Victory Church,NextGen Manufacturing,The Crossroad Firehouse,Cityview Regional Hospital,The Rust Bin,Whispering Pines Library,Northgate Mall,The Crystal Spire,International Museum of War and Peace,The Greenhaven Building,Red Velvet Club,Sunrise Garden,The Junction Police HQ,The Dry Dock Tavern,Highland View Academy,Apollo Way,Iron Bridge Distribution,The Burnett Building
Ace Auto Garage,Oakwood Parking Lot,Black Snow Catacombs,Holy Family Chapel,Silverstone Foundries,Riverside Justice Fire Station,Westlake Memorial Health Center,Junk Runners Yard,Willowbrook Library,The Summit Mall,The Rising Sun Obelisk,Museum of Mystical Artifacts,The Littlefield Building,The Prism,Bearhug Gardens,Horizon City Law Enforcement,The Fox and Hound,Mountain Crest Community College,Field Gardens,Wheaton Supply Warehouse,The Crenshaw Building
Fuel Injector Fix,The Vault Parking,Burning Soul Tombs,Cedar Hill Church,Delta Forge Works,The Redoubt Fire Department,The Grove Medical Institute,The Salvage Heap,Maple Ridge Library,Riverfront Plaza,The Shield of the People,The Architecture Museum,The Brentwood Building,Starlight Ballroom,The Garden of Amesbriand,Cityscape Police Department,The Leaky Bucket,Birchwood High School,Parade Street,Hawthorn Ridge Depot,The Mayfield Building
Pitstop Performance Repairs,The Sunset Carpark,Sombre Oak Crypts,Evergreen Church,Phoenix Steel Industries,Seaview Fire Station,Redwood Health Center,The Wreckage Yard,The Oakwood Library,Hollybrook Shopping Center,Tower of the Brave,The Global Art Museum,The Wentworth Building,The Neon Jungle,Muntrie Grounds,Clearwater Police Station,The King's Head,Crossroads Academy,Lambourne Way,Silver Oak Logistics,The Edgewater Building
DriveSafe Auto Shop,The Lakeside Lot,Crimson Flow Catacombs,Saint James' Church,Copperfield Fabricators,Old Town Firehouse,The Summit General Hospital,Rusty Bones Junkyard,Pinecrest Public Library,Cypress Grove Mall,The Gilded Cross,Museum of Underwater Discoveries,The Foxwood Building,The Electric Pulse,Bedware Grounds,Woodland Police HQ,The Old Goat,Hilltop Academy,Abbey Place,Redstone Storage Facility,The Norbury Building
Turbo Tech Garage,The Carport of Tomorrow,Broken Soul Catacombs,The Shepherd's Church,Redstone Foundries,The Borderline Fire Department,Coastal Medical Center,The Scrap Box,Crescent City Library,Willow Springs Mall,The Resolute Pillar,The World’s Natural Wonders Museum,The Thornton Building,Silver Skyline,Rosston Gardens,The Vault Police Department,The Cunning Fox,Timberlake High School,Thirleby Road,Forest Glen Warehouse,The Draycott Building
Fast Lane Auto Service,The Frontline Deck,Serenity Park Cemetery,New Life Christian Church,Bright Future Factory,Westridge Fire HQ,Eastside Healthcare Facility,The Junk Mill,Valleywood Library,The Oakridge Plaza,Eternal Horizon Memorial,Museum of Ancient Texts,The Carmichael Building,The Vortex,Serenity Gardens,The Metro Police Center,The Drunken Duck,Northview Academy,Oakwood Grove,Summit Ridge Distribution,The Barcombe Building
The Car Doctor,Parkmore Parking,White Angel Cemetery,Riverbank Chapel,Atlas Industrial Works,Silverwood Firehouse,Sunnyside Memorial Hospital,Worn Out Yard,Whitesands Library,Golden Gate Mall,The Guardian Obelisk,The History of Humanity Museum,The Eaton Building,Aftershock Lounge,Crow Feather Grounds,Sunrise Law Enforcement,The Golden Lantern,Pinehurst High School,Peabody Street,Rolling Hills Warehouse,The Norwood Building
Ironclad Auto Repairs,The Suburban Garage,Azure Gardens Memorial Gardens,Saint Francis Church,Windmill Manufacturing,The Ironclad Fire Station,Shady Grove Regional Medical Center,Salvage City,Shady Grove Public Library,Bayview Shopping Complex,The Windwalker’s Arch,The Maritime Museum,The Danforth Building,The Groove Box,Two River Meadows,The Central Justice Station,The Lucky Shamrock,Starlight Academy,Blanche Street,Trestle Storage Center,The Broughton Building
Mile Marker Auto Service,The Street-Level Lot,Crown Hill Memorial Park,Living Waters Church,Blue Mountain Foundries,The Urban Safety Fire HQ,Springdale General Hospital,The Metal Pile,Bayview Library,Highland Heights Mall,The Grand Portal,Museum of Earth’s Wonders,The Blackwell Building,The Groove Den,Hope Garden,Greenfield Police Headquarters,The Rusty Horseshoe,Riverstone Community College,Peebles Drive,Starlight Depot,The Burlington Building
Classic Car Care,Highland Park Carpark,Serenity Park Cemetery,The Church on the Hill,Thunder Forge,The Valleyview Firehouse,Crosspoint Health Center,Reclamation Yard,Northwood Library,Brookstone Plaza,The Tower of Light,Museum of Ancient Technologies,The Kensington Building,The Sparkle Club,Mahogany Grounds,Highland Park Police HQ,The Old Tavern,Forest Ridge High School,Tewkesbury,Maple Grove Distribution,The Cambridge Building
Reliant Auto Repair,The Cityscape Deck,Infernal Grove Graveyard,Crossroads Church,Precision Foundry Works,Northgate Fire Department,Maple Ridge Medical Complex,The Rust Forge,The Summit Library,Silver Pine Mall,Memorial to the Unknown,World Art and Sculpture Museum,The Chamberlain Building,The Sweet Escape,Temple Meadows,The Crossroad Police Center,The Bull and Bear,Brightwood Academy,Cambourne Avenue,Hilltop Supply Warehouse,The Somerset Building
Brake & Brake Auto Shop,The Urban Lot,Dragonash Graveyard,The Lighthouse Church,Millennium Manufacturing,Lakeview Justice Fire Station,Northfield Memorial Hospital,The Scrapyard of Lost Things,Southgate Community Library,Whispering Pines Mall,The Arc of Hope,The Giant Fossils Museum,The Ridgewood Building,Sensation Club,The Grounds of Falgrave,Riverside Justice Station,The Pheasant Plucker,Valley Forge High School,Johnstone Drive,Woodland Freight Facility,The Cranleigh Building
Ultimate Auto Care,The Bridgeview Garage,Ash River Graveyard,Saint Nicholas Chapel,Oakfield Industries,Elmwood Firehouse,Southgate Regional Medical Center,Wasteland Scrapyard,Harbor Pines Library,Redwood Hills Plaza,The Marble Throne,The Secrets of the Past Museum,The Alperton Building,The Pulse,Elbridge Plaza,Maple Heights Police HQ,The Silver Tankard,Clearview Academy,Back South Parade,Clearwater Warehouse,The Montgomery Building
On-The-Go Garage,The Old Lot,Bad Judgement Graveyard,The Covenant Fellowship Church,Quantum Steelworks,Haven Hill Fire Department,Parkhill Health Institute,The Old Iron Yard,The Edgewood Library,Parkwood Mall,The Golden Handprint,Museum of Prehistoric Life Forms,The Hornsby Building,The Spectrum,Munbel Gardens,Cedarwood Law Enforcement,The Black Bell,Rockford High School,Combe Road,Windmill Storage Hub,The Barrington Building
City Limits Auto Service,The Redwood Carpark,Banewood Catacombs,Holy Spirit Chapel,Northpoint Fabrication,Whitesands Fire Station,Horizonview General Hospital,The Rustworks,Lakeshore Library,Suncrest Shopping Center,The Nightfall Tower,The Museum of Hidden Treasures,The Blundell Building,Electric Pulse,Huntsomin Gardens,Skyline Police Station,The Dark Lantern,Maplewood School of Excellence,Bishop's Avenue,Mountain Ridge Depot,The Wilberforce Building
Reliable Roadside Garage,The Cascade Deck,Spring Grove Cemetery,Grace Harbor Church,Forge Masters,The Pinecrest Firehouse,Valleywood Medical Center,Shattered Junkyard,The Highland Library,Forestview Mall,Monument of Sacred Ground,Museum of Earth and Space,The Huntington Building,The Beat House,Greenwood Park,The Grandview Police Center,The Rolling Barrel,Silver Oaks Academy,Nursery Court,Silverstone Distribution Center,The Sherbourne Building
Shift Right Auto Repair,Eastview Parking,Jade Forest Cemetery,The Abbey Church,Capital Foundries,The City Hall Fire HQ,Sunset Hill Regional Hospital,Grime and Rust Salvage,The Grove Public Library,Sunset Valley Plaza,The Dawn Beacon,The Curiosity Museum,The Campbell Building,The Velvet Underground,City Square Park,The Sentinel Police Department,The Fisherman’s Wharf,Victory Ridge High School,Wellesbourne Drive,Old Town Warehouse,The Fletcher Building
Evergreen Car Care,The Skyview Lot,Flowerbed Cemetery,The Way Church,Iron Gate Manufacturing,Starlight Fire Department,The Crossroads Medical Facility,The Salvage Spot,Rockford Library,The Beacon Mall,The Steel Cross,Museum of Cosmic Exploration,The Channing Building,The Rebel Room,Majestic Plaza,Seabreeze Police HQ,The Howling Wolf,Rivercrest Academy,Ham Green,Pinecrest Logistics Hub,The Holmewood Building
AutoTech Garage,The Golden Lot,Heroes' Rest Burial Grounds,Mount Carmel Church,Prime Steelworks,Shady Grove Fire Station,Lakefront Memorial Hospital,The Iron Forge,Havenwood Library,Maple Ridge Shopping Center,Memorial Arch of Valor,The Museum of Legendary Creatures,The Lyndhurst Building,The Dreamcatcher,Pandora Park,Old Town Police Department,The Jolly Sailor,Springfield High School,Silverstone Drive,Ironwood Storage Facility,The Glenmore Building
Wheels & Wires Auto Service,The Cornerstone Deck,Ancestor's Rest Cemetery,Shalom Fellowship,Victory Fabrication,Clearwater Firehouse,Windmill Health Center,The Broken Junkyard,Pine Valley Library,Lakeside Plaza,The Rebirth Spire,Museum of the Ancient World,The Laughton Building,The Mirage Club,Pygmy Garden,The Borderline Police Station,The Half Pint,Golden Peak Academy,Burton Lane,Lakeside Warehouse,The Clifton Building
Motor City Repair Shop,The City Center Park,Vilewood Mausoleum,The Living Church,Silver Forge Foundry,The Metroview Fire HQ,Silverstone Medical Institute,Scavenger’s Scrap Yard,Silver Pine Library,Crystal Ridge Mall,The Pillars of Time,The Robotic Arts Museum,The Lawton Building,The Red Zone,Coldwater Plaza,Westridge Police Headquarters,The Burly Bear,Northgate Community College,Venture Court,Crossroads Freight Center,The Derbyshire Building
Engine Express Auto Care,The Diamond Garage,Infernal Grove Mausoleum,Saint Augustine's Church,Stonegate Foundries,Riverstone Fire Department,Bayview General Hospital,The Metal Pileup,Bridgetown Library,Ridgewood Shopping Complex,The Horizon Monument,The Exploration of the Unknown Museum,The Belmore Building,The Rainbow Room,The Plaza of Brightholm,Silverwood Law Enforcement,The Bald Eagle,Aspen Valley High School,Beverly Close,Wind River Storage,The Darlington Building
First Class Auto Service,Westside Carpark,Ashenvale Graveyard,Silver Oaks Church,Rising Sun Industries,Brighton Firehouse,Havenwood Memorial Health Center,Cinder Junkyard,Cedarwood Public Library,Coastal Bay Mall,The Forgotten Pathway,Museum of Global Legends,The Pennington Building,The Quantum Lounge,Stelterre Meadows,The Ironclad Police Center,The Grinning Goblin,Crystal Valley Academy,Carlile Road,Sunrise Depot,The Granville Building
Fast Track Auto Repairs,The Parkhall Lot,Calamity Park Graveyard,Saint Charles Chapel,Hawkstone Steelworks,The Redwood Fire Station,Bridgetown Medical Center,The Lost Yard,Riverwalk Library,Whitesands Plaza,The Hero's Circle,The Ancient History Museum,The Fieldstone Building,The Beat Lab,Gaulberry Gardens,The Urban Safety Station,The Green Man,Lakeside Academy,Shire Place,Northwood Distribution Center,The Elmhurst Building
Precision Pit Stop,The Green Deck,Demonic Eye Necropolis,The Cornerstone Church,Silver Crest Manufacturing,Crestwood Fire HQ,Riverwalk General Hospital,The Scrap Mound,Golden Gate Library,The Ridge Shopping Center,Monument of the Lost Era,Museum of Historical Inventions,The Finsbury Building,The Twilight Zone,Cudshaw Plaza,The Valleyview Police HQ,The Thirsty Bear,Windsor College,Piccadilly,Riverstone Warehouse,The Inglewood Building
High Torque Garage,The Coastal Parking,Peace Gardens Memorial Park,Harvest Fellowship,Peak Performance Factory,Willowbrook Firehouse,Clearbrook Health Institute,Wreckers’ Haven,Clearbrook Library,Pine Valley Mall,The Tranquil Spire,The Mythology Museum,The Alderwood Building,The Strobe Room,Royal Isle Garden,Northgate Police Station,The Falcon’s Nest,Oakbrook Academy,Cavendish Street,Mountain Crest Logistics,The Malvern Building
All-Wheel Auto Shop,The Summit Garage,Field of Honor Memorial Park,Faithful Church,Atlas Forge Works,The Summit Fire Department,Crestwood Medical Complex,Reclaimers Junkyard,St. Peter's Library,Northview Plaza,The Monument of Everlasting Peace,Museum of Lost Worlds,The Lockwood Building,Lush Disco,Observatory Garden,Lakeview Justice Department,The Drunken Badger,Lakeview High School,Easton Street,Maple Leaf Warehouse,The Brockhurst Building
Crosstown Car Care,The Viewpoint Carpark,Flowerbed Cemetery,Saint Benedict's Church,Highland Steelworks,Sunset Ridge Fire Station,Lakeside Memorial Hospital,Scrap Kings Yard,Rosewood Public Library,Horizon Springs Mall,The Eternal Flame of Liberty,Museum of World Mythologies,The Basinger Building,The Enigma Lounge,West Beach Park,Elmwood Police Headquarters,The Red Stag,Mountain View Academy,Barnfield Street,Crescent City Storage,The Granby Building
Quick-Fix Auto Service,Riverside Lot,Oceanview Cemetery,River of Life Church,Sunset Manufacturing,Crescent Firehouse,Rosewood Regional Medical Center,Metal Haven Junkyard,Crosspoint Library,Shimmering Sands Mall,The Bridge of Dreams,Museum of Archaeological Finds,The Bainbridge Building,The Glitter Den,Keystone Grounds,Haven Hill Law Enforcement,The Blue Moon Tavern,St. Charles Preparatory School,Burgage Lane,Bluebird Distribution Hub,The Forsythe Building
Custom Tune Garage,The City Hub Deck,Harmony Springs Cemetery,Sacred Grove Church,Titan Forge Foundry,City Limits Fire HQ,Eastbridge Healthcare Center,The Salvage Zone,Stonehill Library,Cedarwood Mall,The Great Tower of Voices,The Steam Age Museum,The Corbett Building,The Crystal Room,Grandview Park,Whitesands Police HQ,The Shimmering Moon,Riverside Community College,Pebmarsh Road,Beacon Ridge Storage,The Brindle Building
Swift Fix Auto,The Parkway Parkade,Soulburn Necropolis,Bright Future Church,Legacy Steel Fabrication,Northfield Fire Department,The Valley Medical Facility,The Rusted Reclaim,Forestview Library,Crescent City Shopping Center,The Infinity Arch,Museum of Future Inventions,The Heathcote Building,The Prism Lounge,Greenbelt Gardens,The Pinecrest Police Department,The Broken Anchor,Pine Valley Academy,Southgate Crescent,Clearview Supply Warehouse,The Colwyn Building
WrenchWorks Auto Shop,Lakeshore Carpark,Nefarious Hill Mortuary,Hope Church,Oakwood Industrial Works,Ridgeview Fire Station,Cypress Memorial Hospital,The Broken Yard,Maple Ridge Public Library,Twin Rivers Mall,The Silver Crescent,The Great War Museum,The Moreton Building,The Night Wave,The Meadows of Vento,The City Hall Police Center,The Velvet Bell,Shoreline High School,Spinners Close,Horizon Peak Storage Facility,The Cornwallis Building
Overhaul Auto Repair,The Horizon Deck,Darkview Graveyard,Saint Anne's Chapel,Clearwater Foundry,Sagewood Fire HQ,Heartland Health Center,Ironclad Recyclers,Bridgemont Library,Windward Plaza,The Shattered Spire,Museum of Earth’s Prehistoric Past,The Atkinson Building,The Velvet Wave,Terbury Garden,The Starlight Police Station,The Thirsty Fox,Westfield Academy,Sunningdale Walk,Shady Grove Distribution,The Branson Building
Mobile Auto Care,The Grand Garage,Rotten Grove Mortuary,The Eternal Light Church,Edgewater Manufacturing,Bridgemont Firehouse,Bridgeport General Hospital,Cursed Junkyard,Shoreview Community Library,Shady Hills Mall,The Memorial Circle,Museum of Culture and Technology,The Blakewell Building,Neon Pulse,Sinliers Meadows,Shady Grove Police Department,The Lucky Duck,Crescent Hills Community College,Eckford Street,Ironheart Logistics,The Redwood Building
Raceway Repairs,The Metropark Lot,Chaos Mortuary,Saint Gabriel's Church,Phoenix Forge,Eastview Justice Fire HQ,Whitesands Medical Center,The Rust Spot,Greenfield Library,Clearbrook Shopping Center,The Monument of the Brave,The Museum of Scientific Discoveries,The Fitzroy Building,The Vibe Chamber,Barringris Plaza,Clearwater Police Center,The Wandering Stag,Sunnybrook High School,Roehampton Rise,Stonebrook Warehouse,The Canfield Building
Sharp Tune Garage,The Mainstreet Deck,Park Lawn Cemetery,Living Stone Church,Iron Horse Fabrication,Coastal Fire Department,Mountain Ridge Health Institute,Iron Resurrectors,Sunshine Library,Riverbend Mall,The Monument to the Stars,The Enigma Museum,The Silverwood Building,Midnight Vibes,Soundscape Grounds,The Metroview Police HQ,The Crooked Staff,New Horizons Academy,Broad Oak,Golden Valley Depot,The Willoughby Building
Main Street Auto Service,The Downtown Lot,Willow Park Cemetery,The Church at Elmwood,Kingston Foundries,Mountainview Firehouse,Silver Pine Memorial Hospital,The Scavenger’s Pit,Suncrest Public Library,Bridgetown Plaza,The Flame of Sacrifice,Museum of Geological Wonders,The Gallimore Building,The Electric Garden,Almond Park,Riverstone Police Department,The Winking Owl,Maplewood College,Fisher Avenue,River Rock Warehouse,The Hazelwood Building
Hot Rod Repair Shop,The Blue Sky Garage,Paradise Garden Cemetery,Holy Resurrection Church,New Horizons Steelworks,Horizon Fire Station,Crestview Medical Center,Recycled Steel Yard,Lakefront Library,The Village Mall,The Eternal Journey,The Cultural Heritage Museum,The Buckley Building,The Lush Escape,New Forest Grounds,Brighton Police Station,The Sly Fox,Harborview High School,Oak Hill,Wedgewood Storage Center,The Chadwick Building
Curbside Auto Care,The Boulevard Deck,Pine Grove Burial Grounds,Cross of Glory Church,Summit Steel Foundry,Silverpine Fire HQ,Beacon Hills Medical Complex,The Salvage Tomb,Twin Rivers Library,Eastbrook Mall,The Pillar of Destiny,Museum of the Apocalypse,The Garrick Building,The Afterglow,Riverside Plaza,The Redwood Police Department,The Old Forge Tavern,Cedar Ridge Academy,Baileys Close,Silverpine Supply Warehouse,The Dickens Building
Perfect Pit Auto Service,The Pinnacle Lot,Pleasant Valley Memorial Gardens,Saint Matthew's Church,Northern Forge Works,Parkwood Firehouse,Rockwood Regional Hospital,The Junkyard Expanse,Lakeside Community Library,Bay Ridge Plaza,The Bronze Shield,Museum of Future Legends,The Millbrook Building,The Halo Club,Highland Plaza,Crestwood Law Enforcement,The Soaked Mug,Windward High School,Old Military Road,Stonebridge Distribution Hub,The Desmond Building
Ace Mechanic Garage,The Waterfront Parkade,Hollowvale Graveyard,Trinity Christian Church,Glacier Peak Foundries,Evergreen Fire Station,Willowcrest Health Facility,Scrap Kings Salvage Yard,Shimmering Sands Library,The Oakwood Mall,The Monument of Reflection,Museum of Ancient Wonders,The Alcock Building,Neon Haven,Silver Lake Meadows,Willowbrook Police HQ,The Silver Fox,Silverbrook Academy,The Pavilions,Bridlewood Warehouse,The Bramwell Building
Wheely Good Repairs,The Silverline Parking,Broken Bones Graveyard,Lifeline Church,Redhawk Steelworks,Westpoint Fire Department,Maple Grove General Hospital,Salvage Kingdom,Parkhill Public Library,Crystal Bay Shopping Center,The Twilight Spire,The Museum of Endangered Species,The Hollington Building,The Pulse Haven,The Grounds of Shaupids,The Summit Police Headquarters,The Whistling Wind,Eastwood Academy,Poltimore Road,Bayshore Logistics,The Huntsworth Building
Vintage Auto Service,Maplewood Carpark,Burned Forest Graveyard,New Covenant Church,Rocky Ridge Manufacturing,Crystal Fire HQ,Riverton Medical Center,Ironweld Junkyard,Harborview Community Library,Riverwalk Mall,The Celestial Lighthouse,The History of Civilizations Museum,The Dalton Building,The After Party,Readmer Garden,Sunset Ridge Police Station,The Rusty Lion,Highland Pines College,Semley Road,Skyline Storage Hub,The Woodbridge Building
Redline Repairs,The Gateway Deck,Bone Yard Necropolis,Rock of Ages Church,Crescent Forge,Oakwood Firehouse,Springfield Memorial Hospital,The Waste Heap,Riverbend Library,Sunshine Plaza,The Silver Fountain,Museum of the Solar System,The Crowther Building,The Vibe Collective,Engleline Meadows,The Crescent Police Center,The Merry Wench,Blue Sky Academy,Shaw Wood Close,Pine Valley Distribution,The Hightower Building
Street Racer Garage,Northwood Lot,Wayward Graveyard,Saint Bartholomew's Church,Crystal Lake Steelworks,Shoreline Fire Station,Westview Health Institute,The Scrapyard of Yesterday,Clearfield Library,Havenwood Shopping Center,The Memorial Garden,Museum of Scientific Exploration,The Windermere Building,The Night Shift,Delterre Plaza,City Limits Police HQ,The King’s Arms,Lakefront High School,Leyton Close,Rockford Warehouse,The Caldecott Building
Auto Experts Garage,The Triad Parking,Kingshill Burial Grounds,Sunshine Church,Eagle Forge Industries,Valley Fire Department,Oakwood General Hospital,The Metal Junkyard,Westgate Library,Sunset Grove Mall,The Wall of Remembrance,Museum of the Renaissance,The Delaney Building,The Red Light District,Ladybug Grounds,Northfield Law Enforcement,The Smiling Dragon,Rivergate Academy,Ty-Draw Place,Sunnydale Storage,The Claymont Building
The Fix-It Shop,The Canyon Deck,Maple Hill Burial Grounds,True Vine Church,Blue Horizon Foundries,Riverview Fire HQ,Coastal Springs Medical Center,Ironclad Salvage Yard,Eastlake Community Library,Stonebrook Plaza,The Crystal Garden,The Time Traveler’s Museum,The Finchley Building,Glamour Nights,Mushroom Meadows,The Ridgeview Police Department,The Mellow Rabbit,Green Valley High School,Marfleet Close,Frost River Logistics,The Camden Building
Fuel Pump Auto Care,The Metro Lot,Serenity Park Burial Grounds,Calvary Chapel,Solaris Manufacturing,Bayview Fire Station,Bridgemont Health Center,Wasteland Junk Pile,Whistler Library,Silver Ridge Mall,The Tower of Silence,Museum of Earth’s Wonders and Curiosities,The Birchwood Building,The Diamond Den,Wild Rose Garden,Sagewood Police Headquarters,The Angry Penguin,Maple Hill Academy,Mortlake Drive,Timberline Depot,The Sutton Building
Golden Garage Repairs,The Rolling Parkade,Rainbow Gardens Burial Grounds,Victory Christian Church,Steel Crest Foundry,Central Grove Firehouse,Eastlake General Hospital,The Scrap Domain,The Rosewood Library,Harborview Shopping Center,The Radiant Obelisk,The Global Exploration Museum,The Melbury Building,The Velvet Groove,Grand Avenue Grounds,Bridgemont Police HQ,The Wishing Well Pub,Beacon Ridge High School,Marston Grove,Oakwood Supply Warehouse,The Greenfield Building
Elite Auto Shop,The Horizon Carpark,Graceland Burial Grounds,First Methodist Church,Marble Peak Industrial Works,Riverwood Fire HQ,St. Peter's Memorial Health Center,The Rust Belt,The Stonegate Library,Parkhill Mall,The Vault of Eternity,Museum of Artificial Life,The Kinsmore Building,The Red Velvet Room,Rosemary Grounds,Eastview Justice Station,The Wandering Hare,Bridgeside Academy,Irene Street,Summitwood Distribution,The Claybourne Building
Greenlight Auto Repair,The Big Deck,Gloomview Graveyard,Mount Sinai Church,Sunrise Forge Factory,Harbor Fire Station,Lakeshore Medical Institute,Old World Junkyard,Crystal Bay Public Library,The Commons Plaza,The Monument of the Celestials,The Creative Arts Museum,The Sanderson Building,The Moonlit Lounge,Wildlife Grounds,The Coastal Police Center,The Black Crow Tavern,Riverside Preparatory School,Magazine Road,Twin Oaks Warehouse,The Huxley Building
Auto Masters Service,The Parkway Plaza Lot,Bad Judgement Mausoleum,King's Cross Church,Titan Foundry Works,Redwood Heights Fire HQ,Whistler Memorial General Hospital,The Scrap House,Whistler Springs Library,Whistler Springs Mall,The Hope’s Passage,The Museum of Myth and Lore,The Radcliffe Building,Elysium Club,The Park of Gatifolk,Mountainview Law Enforcement,The Moonlit Cove,Stony Brook Academy,Eastern Esplanade,Evergreen Ridge Logistics,The Banfield Building
Revive Auto Garage,The Edgeview Garage,Forgotten Catacombs,Saint Mark's Chapel,Golden Forge Industries,Beaconhill Firehouse,The Glenwood Health Facility,Reclaimed Junkyard,Northstar Library,The Summitwood Mall,The Monument of Endless Dream,Museum of World Cultures,The Akehurst Building,The Wonderland Lounge,Bosrey Gardens,The Horizon Police HQ,The Tired Horse,Springhill High School,Willoughby Close,Sunbeam Storage Center,The Abernathy Building
Fixer’s Workshop,The Crossroads Lot,Obsidian Hill Catacombs,The Pathway Church,Rockwell Steelworks,Shadowside Fire Station,Riverpoint Medical Center,The Rust Ruins,Hillcrest Library,Stonewater Plaza,The Victory Spire,Museum of the Future Earth,The Loxley Building,The Celestial Club,Onolow Park,Silverpine Police Department,The Tall Ship Tavern,Clearwater High School,Birdwood Road,Riverview Distribution Hub,The Alton Building
The Auto Clinic,The Ridgeview Deck,Bad Judgement Necropolis,Faith Chapel,Stormwatch Manufacturing,Northview Justice Firehouse,Northwood Regional Hospital,Salvage Empire,Hollybrook Library,The Glenwood Shopping Center,The Lost Horizon Monument,The Pre-Columbian Art Museum,The Newbury Building,The Luxe Room,Bloomsons Plaza,Parkwood Police Center,The Blind Badger,Mountain Springs Academy,Hopper Street,Willow Creek Warehouse,The Ashcroft Building
Timeless Auto Repair,The Golden Gate Carpark,Spring River Memorial Gardens,Saint Patrick's Church,Clearview Foundries,Cypress Fire HQ,Ridgeview Memorial Center,Scrap Haven Yard,Oakridge Library,The Crossroads Mall,The Monument of Transcendence,Museum of Forgotten Arts,The Pemberton Building,The Secret Club,Discovery Plaza,The Evergreen Police Station,The Ember’s Glow,Oak Ridge Community College,Swindon Road,Cedar Valley Supply Center,The Ashton Tower
Razor Edge Garage,The Pinecrest Lot,Angelwatch Memorial Gardens,The Church of Light,Millstone Steelworks,Old Bridge Fire Station,Harborview General Health Center,The Rusted Wreck,Cypress Grove Library,Parkside Plaza,The Dawn Fortress,Museum of Natural Wonders and Curiosities,The Dunham Building,The Flash Dance,Majestic Plaza,Westpoint Police Department,The Silent Knight,River Rock Academy,Smithies Lane,Hawk's Nest Storage,The Bancroft Tower
Junction Auto Shop,The Urban Plaza Parkade,Little Rock Cemetery,Hillcrest Church,Vanguard Forge,Sunrise Firehouse,Crystal Bay Medical Complex,The Junk Mountain,Ridgeview Public Library,Willowbrook Mall,The Golden Obelisk,Museum of the Future World,The Clovelly Building,The Diamond Vault,Riverbank Gardens,The Crystal Police HQ,The Broken Crown,Westgate Academy,Belsize Avenue,Mountain Forge Depot,The Barrington Plaza
All Wheels Auto Care,The Southdeck Parking,Sunnyside Memorial Park,Grace and Glory Church,Iron Mountain Manufacturing,Westlake Fire Department,Sunrise Hills General Hospital,Old Steel Salvage Yard,Stonebrook Library,Mountainview Plaza,The Monument of Valor,Museum of Global Evolution,The Redfern Building,Lush Garden,Twin Lake Grounds,The Oakwood Police Headquarters,The Midnight Owl,Cedar Creek High School,Oakville Avenue,Riverbend Warehouse,The Bayshore Building
Mechanical Fix Garage,The Grandview Garage,Goodsprings Cemetery,Church of the Redeemed,Victory Foundry,Pinehill Fire HQ,The Edgewood Medical Facility,The Iron Reclaimers,Brookfield Public Library,Golden Ridge Mall,The Crowned Arch,The Extinct Species Museum,The Berrington Building,The Wild Pulse,Hazelnut Gardens,Shoreline Police Department,The Golden Cup,Silver Leaf Academy,Barnard Grove,Edgewater Distribution Center,The Beacon Tower
MotorFix Auto Service,The Central Lot,Sombre Oak Crypts,Saint John the Baptist Church,Prime Forge Industries,Junction City Fire Station,Redwood Grove Health Center,The Rust Graveyard,The Glenwood Library,The Crescent Mall,The Eternal Cross,Museum of the Ancient Sciences,The Chalmers Building,The Velvet Kiss,Crossroad Garden,The Valley Police Station,The Queen’s Arms,Stonegate Preparatory School,Flint Road,Northgate Storage Facility,The Belmont Building
Hands-On Car Care,The Riverside Deck,Ebonwood Mausoleum,Glorious Hope Church,Majestic Steelworks,Meadowview Firehouse,Pinecrest Memorial Hospital,The Junkyard Labyrinth,Windmill Springs Library,Valley Springs Shopping Center,The Pathway of Souls,Museum of Ancient Wonders and Myths,The Martindale Building,The Sinister Club,The Plaza of Burworth,The Riverview Police HQ,The Tattered Flag,Cedar Hills High School,Howgill Lane,Coastal Range Logistics,The Benson Tower
Auto Labor Garage,The Willowdale Lot,Spitegrove Graveyard,The River Church,Eaglecrest Foundries,Greenwood Fire Department,Cedarwood Medical Institute,The Metal Works Yard,Coastal Bay Library,Rockford Mall,The Monolith of Time,Museum of Global Treasures,The Devonshire Building,Euphoria Lounge,Brownchill Meadows,The Bayview Police Department,The Stag’s Head,Redwood Community College,Barnes Place,Braveheart Supply Warehouse,The Birchwood Plaza
Engine Works Auto Shop,Parkview Garage,Dragonash Mortuary,Cornerstone Fellowship,Redwood Industrial Works,Westgate Firehouse,Stonegate General Health Center,Rubble Yard,The Beacon Hill Library,The Pines Mall,The Arc of Victory,The Lost Technology Museum,The Farnsworth Building,The Silver Room,Duncaster Gardens,Central Grove Police HQ,The Barley Mill,Westwood High School,Woodview Avenue,Morning Dew Depot,The Blackwell Tower
Shift-Up Auto Repairs,The Transit Lot,Sorrow Pit Mortuary,The Kingdom Church,Horizon Forge Factory,Bridge City Fire Station,Northwood Medical Center,The Scrap Hill,The Crossroads Library,The Creekside Shopping Center,The Great Eclipse Memorial,Museum of Modern History,The Bancroft Building,Vivid Groove,Broadrood Grounds,The Riverwood Police Center,The Golden Eagle,Silver Pines Academy,Blaydon Close,Silver Sands Warehouse,The Bradshaw Building
Backroad Auto Service,Sunrise Parking Lot,Whispering Pines Cemetery,Saint Francis of Assisi Church,Steelworks Manufacturing,Rivertown Fire HQ,Sunset Crest Memorial Hospital,Junk World Yard,Sunset Ridge Library,Ridgecrest Plaza,Eternal Flame Memorial,Museum of Ancient Myths,The Rosewood Building,The Beatdown,Serenity Park,The Harbor Police Station,The Starlit Tavern,Evergreen College,Oakwood Drive,Hampton Ridge Storage,The Brentwood Plaza
Total Car Care,The Old Mill Garage,Eternal Rest Memorial Park,Redemption Church,Redstone Steel Foundry,Crosspoint Firehouse,Valley Springs Medical Complex,The Old Iron Scrap Yard,The Willow Springs Library,The Crosspoint Mall,Silent Hope Memorial,Museum of Evolutionary Biology,The Marchwood Building,Glow Realm,Evergreen Grove,Redwood Heights Police HQ,The Bitter Barrel,Maple Valley High School,Willow Creek Lane,Sapphire Valley Logistics,The Brighton Tower
The Pit Crew Garage,The Crosswalk Deck,Shadow Hollow Graveyard,Eagle's Nest Church,Golden Valley Fabrication,Lakeside Fire Station,Lakeside Health Institute,The Rust Ruin Yard,Riverpoint Library,Brightwood Shopping Complex,Serenity Tribute Garden,Museum of Lost Civilizations,The Dorset Building,The Crystal Ballroom,Crystal Waters Park,The Beaconhill Police Center,The Dancing Crane,Woodcrest Academy,Pine Ridge Road,Lakeshore Freight Center,The Brookhaven Building
Auto Repair Authority,Horizon Parking,Peaceful Meadows Burial Ground,Shining Light Church,Northwind Foundry Works,Maplewood Firehouse,Oakridge General Health Center,Wreckage Reclaimers,Whiteshore Library,The Harbor Mall,Fallen Heroes Memorial,The Invention Museum,The Bridgman Building,The Lost Soul,Willow Springs Park,Shadowside Police Headquarters,The King’s Court,St. Francis Academy,Maple Street,Windfall Storage Hub,The Brookshire Tower
Quick Fix Car Garage,Blue Sky Car Park,Silent Vale Cemetery,The New Covenant Chapel,Next Horizon Steelworks,Mountaincrest Fire HQ,Summitview Medical Center,The Metal Junction,Horizon Park Library,Hillcrest Plaza,Peaceful Remembrance Park,The Cosmic Arts Museum,The Carstairs Building,The Mirage Lounge,Sunset Ridge Park,The Northview Justice Station,The Dusty Mug,Valley High Academy,Sunset Boulevard,Greenfield Distribution,The Cambridge Plaza
Rev It Up Repairs,City Center Garage,Greenwood Memorial Park,Good News Fellowship,Fortified Foundry Works,Eastpark Fire Department,Rockford Memorial Health Facility,Rusty Scrap Yard,The Lakeside Grove Library,Silvercreek Mall,Forever in Our Hearts Memorial,Museum of the Extraordinary,The Englewood Building,The Deep Dive,Meadowbrook Park,Cypress Police Department,The Swirling Seas,Skyline College,Riverbend Avenue,Skyview Supply Warehouse,The Camden Tower
Roadside Mechanic Service,Rapid Park Solutions,Stonegate Cemetery,Saint Peter's Fellowship,Thunder Peak Manufacturing,Windmill Firehouse,Brookfield General Hospital,Graveyard of Wreckage,Mountain Ridge Library,Cedar Grove Shopping Center,Golden Horizons Tribute,Museum of the Legendary Epoch,The Denton Building,The Pulse Beat,Greenfield Gardens,The Old Bridge Police HQ,The Brimming Barrel,Blue Ridge Academy,Silverstone Way,Redwood Ridge Storage,The Carlingford Building
Precision Wheel Repair,Park Haven,Everlasting Hills Graveyard,The Rock Fellowship Church,Riverstone Industrial Works,Liberty Fire Station,Mountainview Medical Complex,The Scrap Swamp,The Crestview Library,Pinecrest Mall,Remembrance Grove Memorial,The Evolution of Species Museum,The Davenport Building,The Blacklight Lounge,Silverstone Park,The Sunrise Police Station,The Cheeky Cockerel,Creekside High School,Evergreen Terrace,Shady Glen Warehouse,The Carmichael Plaza
Clearview Auto Shop,Sunset Parking Deck,Sunset Rest Cemetery,Saint David's Church,Pinnacle Forge Works,City Heights Firehouse,Greenfield Memorial Center,The Iron Yard Kings,Valley Springs Library,Bright Horizons Mall,Liberty Memorial Park,Museum of Ancient Exploration,The Baldwyn Building,The Velvet Sphere,Tranquil Meadows Park,Westlake Law Enforcement,The Lucky Pigeon,Forest Glen Academy,Cedar Lane,Evergreen Ridge Depot,The Cartwright Building
Premier Auto Garage,Metro Park Station,Tranquil Grove Burial Ground,City of Hope Church,Greenfield Manufacturing,Creekside Fire HQ,Silverlake Regional Medical Center,The Old Salvage Yard,Riverside Grove Library,Clearwater Grove Plaza,Twilight Remembrance Garden,The Ancient Civilizations Museum,The Colborne Building,The Dream Lounge,Bluebell Park,Pinehill Police HQ,The Hopping Hare,Horizon Valley School,Horizon Drive,Westbrook Logistics Hub,The Chadwell Tower
Perfect Drive Repair,Green Zone Parking,Ravenwood Cemetery,The Eternal Word Church,Steeltown Fabrication,Coastal Guard Fire Station,Stonehill General Hospital,The Steel Ruins,Windward Library,Silver Ridge Plaza,Harmony Memorial Tribute,Museum of the Future,The Briarwood Building,The Pulse Room,Whispering Pines Park,The Junction City Police HQ,The Golden Key,Red Maple High School,Crestview Road,Mountain Spring Storage,The Chamberlain Plaza
Tuned Up Garage,Skyline Garage,Angel's Haven Memorial Park,Victory Chapel,Stormforge Steelworks,Rockford Fire Department,Willow Springs Health Facility,The Rust Pit,The Valleyview Library,Lakefront Mall,The Lost Heroes Memorial,Museum of the Global Odyssey,The Sheffield Building,The Nightshift Lounge,Oakwood Grove,The Meadowview Police Department,The Silver Tap,Timber Ridge Academy,Blue Ridge Boulevard,Oceanview Supply Warehouse,The Charterhouse Tower
Maxed-Out Car Service,Pioneer Parking Lot,Willow Glen Graveyard,Holy Communion Church,Golden Peak Foundry,North Ridge Firehouse,Parkland Memorial Medical Center,The Metal Graveyard,The Summitwood Library,Hawthorne Grove Mall,Light of the Fallen Memorial,Museum of Ancient Knowledge,The Dalrymple Building,The Electric Boom,Harmony Hill Park,Greenwood Police Station,The Thundering Hoof,Oak Grove High School,Valley Forge Street,Crystal Ridge Warehouse,The Chatsworth Building
Lube & Oil Auto Repairs,Urban Park Hub,Serenity Fields Cemetery,Gospel of Grace Church,Ironhill Foundries,Heartland Fire HQ,Shoreview Health Institute,Iron Fortress Junkyard,The Pinecrest Library,Whistler Mall,Celestial Tribute Memorial,Museum of Human Achievement,The Compton Building,The Velvet Castle,Riverbend Park,The Westgate Police HQ,The Frosty Barrel,Sunshine Preparatory School,Red Maple Lane,Harrison Valley Storage,The Chesterfield Plaza
Revolution Auto Shop,Quick Stop Parking,Crossroads Memorial Park,Saint Louis Church,Capital Forge Works,Redline Firehouse,New Horizon General Hospital,The Crushed Iron Yard,Harbor Springs Library,Windmill Springs Plaza,Dawn of Peace Memorial,The Museum of Introspection,The Fleetwood Building,The Crimson Pulse,Wildflower Valley Park,The Bridge City Police Department,The Wily Wolf,Southgate Academy,Cascade Way,Maple Ridge Logistics Hub,The Chiltern Tower
Roadmaster Garage,Coastal Parking Plaza,Oakshade Burial Grounds,Church of the Open Door,Cedarwood Steelworks,Northside Fire Station,Riverbend Medical Center,Salvage Cove,Clearwater Grove Library,Riverpoint Mall,Starry Night Memorial Garden,The Museum of Exploration and Discovery,The Seaforth Building,The Golden Pulse,Crestwood Park,Rivertown Police Center,The Royal Oak,Riverwood High School,Highpoint Street,Oak Ridge Storage Facility,The Clayton Building
RPM Auto Repairs,Downtown Park Hub,Twilight Rest Cemetery,Everlasting Life Church,Summit Manufacturing Hub,Ember Ridge Firehouse,Pine Valley Memorial Hospital,The Junkyard Fort,Silver Ridge Public Library,The Plaza at Birchwood,Hopeful Hearts Memorial,Museum of the Timeless Past,The Rockwell Building,The Electric Dream,Cedar Hills Park,The Crosspoint Police Station,The Crow’s Tavern,Silver Pines High School,Meadowbrook Avenue,Iron Forge Distribution,The Clifton Tower
Driveway Mechanics,Platinum Parking,Sacred Oaks Memorial,The Christ Chapel,Silverstone Industrial Works,Central Valley Fire Station,Northstar Regional Health Center,Scrap City Yard,Evergreen Grove Library,Riverstone Plaza,Sacred Honor Memorial,The Time Capsule Museum,The Florentine Building,The Crystal Palace,Mountainview Park,Lakeside Police Department,The Broken Wagon,Hawthorne Academy,Golden Oaks Road,Swift River Warehouse,The Colborne Plaza
Speed Repair Auto Care,Oasis Parking Center,Silverleaf Cemetery,Faith and Praise Church,Pioneer Forge,Skyline Fire & Rescue,Lakeshore Memorial Medical Center,The Rust Mines,The Oceanview Library,Shady Springs Mall,Garden of Everlasting Peace,Museum of Prehistoric Wonders,The Culverton Building,The Mirage Zone,Sunset Park,The Maplewood Police HQ,The Silent Swan,Sunset Ridge College,Crystal View Drive,Pine Hollow Logistics,The Collingwood Tower
On-Track Auto Service,Victory Car Park,Starlight Hills Graveyard,The Worship Center Church,Sunrise Steelworks,Ironclad Fire Station,Hillcrest General Hospital,Iron Wreckers Yard,Silver Creek Library,The Crestview Mall,Quiet Reflection Memorial,The Art of Survival Museum,The Rutherford Building,The Party Palace,Golden Gate Park,Mountaincrest Police Center,The Fallen Oak,Westwood Academy,Timberline Avenue,Crystal Springs Storage,The Concord Building
Fix & Go Garage,Silver Street Garage,Hollow Point Cemetery,Saint Mary's Church,Legacy Foundries,Westgate Firehouse,Forestview Medical Center,Recyclers’ Haven,Brightwood Community Library,The Oakview Mall,Cross of Valor Memorial,The Heritage Museum,The Ashbury Building,Lushland,Redwood Grove Park,Eastpark Police Department,The Frosty Flask,Mountain Valley High School,Brookstone Drive,Golden Peak Warehouse,The Cornwall Tower
Golden Valley Auto Repairs,Central Lot Parking,Mourning Dove Memorial Park,New Horizon Church,Silvercliff Manufacturing,Rapid Response Fire Station,Summerset Medical Institute,The Old Rust Yard,The Riverwalk Library,The Valleyview Plaza,Wings of Remembrance Memorial,Museum of Wonders,The Copeland Building,The Sky Lounge,Peaceful Pines Park,The Windmill Police HQ,The Spotted Fox,Willowbrook Academy,Valleyview Road,Highland Ridge Depot,The Cranbrook Plaza
Skyline Auto Repair Shop,Northside Parking Plaza,Crimson Ridge Cemetery,Saint Therese's Church,Vanguard Forge Factory,Harborview Fire & Rescue,Hollybrook General Health Center,Wreckage Salvage Yard,Hawthorne Grove Library,The Ridgeview Mall,Graceful Remembrance Park,The Timekeeper's Gallery,The Ironwood Building,The Glitter Palace,Valleyview Park,The Liberty Police Department,The Gritty Goose,Crystal Mountain High School,Lakeside Lane,Ironwood Freight Center,The Cranfield Building
Lifter's Garage,Apex Parking Deck,Shady Grove Burial Grounds,The Gathering Church,Windward Foundries,Sunrise Fire Station,Suncrest Memorial Hospital,The Scrap Tower,Lakeshore Springs Library,The Summit Plaza,Heartfelt Tribute Memorial,The Legacy Museum,The Richmond Building,The Neon Club,Timberline Park,City Heights Police HQ,The Midnight Mug,Clear Ridge Academy,Mountainview Street,Windy Ridge Storage Facility,The Crestwood Tower
Brakes & Bearings Shop,Nova Park Solutions,Restful Waters Cemetery,Sacred Ground Church,Steel Ridge Fabrication,Crimson Peak Firehouse,Hilltop Health Institute,The Steel Bin,Pinewood Public Library,Riverside Grove Mall,Memorial of the Brave,The Museum of Art and History,The Oldham Building,The Cosmic Pulse,Maplewood Park,The Creekside Police Station,The Old Lantern,Oceanview Academy,Shadow Creek Way,Greenstone Distribution Hub,The Crown Plaza
Endurance Auto Service,Riverfront Parking,Celestial Heights Memorial Park,Open Door Christian Church,Pioneers Forge Works,Mountainview Fire & Rescue,Clearfield General Hospital,Scrap and Steel Yard,Summit Heights Library,Cedar Springs Shopping Center,Echoes of the Fallen Memorial,The Epoch Museum,The Belvedere Building,The Liquid Beat,Rose Garden Park,The Coastal Guard Police HQ,The Gloomy Gull,Westfield College,Greenfield Boulevard,Sunset Hollow Warehouse,The Cumberland Tower
Clear Path Car Care,Park & Ride Plaza,Ironwood Cemetery,Saint Joan of Arc Church,Crimson Peak Steelworks,Riverbend Fire Station,The Oaks Regional Medical Center,The Wreckers’ Zone,Rockwood Springs Library,Evergreen Mall,The Remembrance Fountain,The Gallery of Discovery,The Mansfield Building,The Velvet Vibe,Crystal Lake Park,The Rockford Police Department,The High Tide Pub,Sunrise Academy,Whispering Pines Drive,Steel Mountain Depot,The Davenport Tower
Fix It Now Auto Repair,Clearview Car Park,Lone Willow Graveyard,The Spirit of Truth Church,Pinehill Manufacturing,Southside Emergency Services,Southfield Memorial Hospital,Salvage Grounds,Stonewater Library,Windward Ridge Mall,Tears of Hope Memorial,The Innovation Museum,The Montclair Building,Neon Pulse,Ridgeview Park,North Ridge Police Center,The Wild Hound,Northwood Preparatory School,Meadowcrest Road,Silver Oak Warehouse,The Danforth Plaza
Auto Vault Garage,Safe Haven Parking,Autumn Vale Cemetery,Grace Fellowship Chapel,Rockmount Steelworks,Pioneer Fire Brigade,Twin Rivers Medical Facility,The Rust Yard,Riverstone Grove Library,Crystal Springs Mall,The Fallen Stars Memorial,The Museum of Natural Wonders,The Barton Building,Midnight Groove,Autumn Grove Park,The Heartland Police HQ,The Twisted Horn,Lakewood Academy,Tranquil Springs Lane,Rolling River Distribution,The Darlington Tower
Peak Performance Auto Care,Freedom Garage,Stillwater Memorial Park,Kingdom Builders Church,Crestview Foundries,Timberline Fire Station,Sunshine Health Center,Iron Scrapyard Kings,The Hillside Library,Blue Ridge Shopping Center,Eternal Peace Memorial Garden,The Hall of Time,The Wakefield Building,Velvet Sky,Starlight Park,Ironclad Police Station,The Wandering Mule,Birch Ridge High School,Riverstone Street,Starview Storage Center,The Delaney Plaza
Wrench Master Auto Shop,Heritage Parking Lot,Blackstone Cemetery,The House of Prayer,Highland Forge Factory,Starlight Firehouse,Sunrise Medical Center,Rusty Ridge Salvage,The Crystal Springs Library,Sunset Plaza Mall,Heroes of the Heart Memorial,The Artifacts Museum,The Whitmore Building,Eclipse Lounge,Lakeside Park,Liberty Law Enforcement Center,The Blue Lantern,Stonehill Academy,Pinecrest Drive,Stonewall Logistics Hub,The Devonshire Building
Abrahall Auto Repair,Elite Park Solutions,Rosewood Rest Cemetery,Holy Trinity Chapel,Crystal Ridge Manufacturing,Crossroads Fire & Rescue,Green Valley Hospital,Ironclad Junkyard,Beacon Hill Library,Horizon Heights Mall,Twilight Tribute Memorial,The Museum of Science and Curiosity,The Hillcrest Building,The Electric Vault,Horizon Park,Riverstone Police Department,The Shattered Tankard,Pine Ridge High School,Canyon Ridge Road,Kingfisher Supply Warehouse,The Dorchester Tower
Ackland Auto Repair,Horizon Street Parking,Sunrise Hills Burial Grounds,Grace Community Church,New Dawn Foundries,Golden Shield Fire Station,Horizon Health Clinic,Desert Scrapyard,Evergreen Public Library,Silvergate Mall,Starlight Memorial Park,The Museum of Ancient Civilizations,The Hatherleigh Building,Starlight Beats,Wildwood Park,Blue Ridge Precinct,The Grinning Fox,Parkview Community College,Summit Park Drive,Whispering Pines Warehouse,The Dovercourt Plaza
Adney Auto Repair,Maple Lane Car Park,Eternal Haven Memorial,Sacred Heart Parish,Cedar Forge Works,Granite Bay Firehouse,Starlight General Hospital,Titan Auto Wreckers,Redwood Grove Library,Meadowbrook Shopping Center,Serenity of the Brave Memorial,The Exploration Gallery,The Daventry Building,The Velvet Room,Meadowlark Park,Crestview Police Station,The Rusty Anchor,Shady Creek Academy,Bluebell Street,Silver Springs Logistics,The Dunhill Tower
Ainslie Auto Repair,Gold Coast Parking,Shadow Ridge Cemetery,Starlight Fellowship,Lakeshore Steelworks,Horizon Fire & Emergency,Riverbend Medical Center,Green Valley Salvage,Silverstone Reading Room,Valleyview Mall,The Remembrance Wall,The Heritage Hall Museum,The Endicott Building,Pulse Underground,Tranquil Bay Park,Northgate Law Enforcement,The Silver Oak Tavern,Golden Horizon High School,Autumn Grove Avenue,Maple Springs Depot,The Eastgate Plaza
Ashley Auto Repair,Crescent Parking Deck,Willowbrook Memorial Park,New Hope Baptist Church,Clearfield Manufacturing,Metro Fire Response Station,Mountainview Memorial Hospital,Scrap Haven,Horizon View Library,Grandview Plaza,Fields of Honor Memorial,The Gallery of Evolution,The Maddox Building,Nova Nights,Twilight Park,Summit Hills Police Department,The Stag’s Head,Crestwood Academy,Redwood Circle,Highland Park Warehouse,The Eaton Tower
Atway Auto Repair,Summit Park Plaza,Golden Rest Cemetery,Faith Temple Church,Prime Foundries Works,Oakwood Fire Station,Silver Crest Medical Facility,Rusted Steel Yard,Tranquil Valley Library,Emerald Coast Mall,Victory in Remembrance Garden,The Vault of History,The Cranbrook Building,Sapphire Dancehall,Blue Ridge Park,Horizon View Police Station,The Green Dragon Pub,Silverstone Preparatory School,Horizon View Street,Clearwater Ridge Storage,The Edgewater Building
Auston Auto Repair,ParkSmart Garage,Peaceful Horizon Graveyard,Living Waters Ministries,Sunrise Forge Works,Victory Lane Firehouse,Tranquil Grove Health Center,Redline Reclamation,Crystal Waters Library,Greenfield Shopping Center,Tranquil Peace Memorial,The Visionary Museum,The Kenwood Building,Rhythm Lab,Canyon View Park,Timberline Police Department,The Wandering Sheep,Bright Valley Academy,Sunset Ridge Lane,Silverstone Storage,The Eldon Plaza
Balkwill Auto Repair,Pacific View Parking,Mystic Pines Cemetery,Cornerstone Christian Church,Ironwood Foundries,Silver Valley Fire Brigade,Blue Ridge Regional Hospital,Falcon Peak Scrap,Oakwood Community Library,Redwood Grove Mall,Flame of Remembrance Memorial,The Museum of Culture,The Freemont Building,The Bassline,Emerald Forest Park,Falcon Peak Law Enforcement,The Copper Barrel,Maplewood Academy,Crystal Brook Road,Horizon Distribution Center,The Elmwood Tower
Baring Auto Repair,Cornerstone Car Park,Grandview Memorial Grounds,Divine Mercy Church,Horizon Forge Hub,Thunder Ridge Fire Station,Grandview General Hospital,Blue Horizon Salvage,Lighthouse Library,Coastal Breeze Mall,Legacy of the Fallen Memorial,The Natural World Museum,The Gladstone Building,Glow District,Silver Creek Park,Shadow Ridge Police Station,The Old Oak Inn,Crestview High School,Oak Ridge Boulevard,Ironclad Warehouse,The Endicott Plaza
Bastick Auto Repair,Grand Avenue Parking,Silent Ridge Cemetery,Christ the Redeemer Church,Riverbend Manufacturing,Desert Bluff Firehouse,Clearview Medical Pavilion,Pioneer Wrecking Yard,Valley Forge Library,Oakwood Shopping Complex,The Heart of Honor Memorial,The Museum of Innovations,The Dunhaven Building,Eclipse Nightclub,Brookside Park,Crystal Bay Police Department,The Fox and Hound,Horizon Ridge Institute,Maple Grove Drive,Summit Logistics Hub,The Fairbanks Tower
Beagly Auto Repair,Serenity Parking Hub,Oakwood Memorial Park,Covenant Life Church,Eastfield Steelworks,Falcon Peak Fire & Rescue,Redwood Community Hospital,Crossroads Auto Parts,Starlight Public Library,Summit Point Mall,Rising Sun Memorial Park,The Journey Through Time Museum,The Coniston Building,Liquid Vibe,Sunrise Hill Park,Redwood Grove Police Station,The Broken Arrow Pub,Valley Oaks School,Silver Birch Street,Redwood Freight Depot,The Fairhaven Plaza
Beament Auto Repair,Falcon Car Park,Garden of Eternity Cemetery,Eternal Light Tabernacle,Griffin Forge Factory,Liberty Fire Services,NovaCare Medical Center,Liberty Scrap Depot,Grandview Reading Center,Urban Square Mall,Whispering Winds Memorial,The Earth and Space Museum,The Cottingham Building,Mirage Lounge,Harmony Valley Park,Valley Forge Police Station,The Tipsy Lion,Silvercrest Academy,Springwater Lane,Crystal Bay Storage,The Farnsworth Building
Beele Auto Repair,Prime Spot Garage,Memorial Grove Burial Grounds,Redeemer Lutheran Church,Ironclad Manufacturing,Blue Ridge Firehouse,Pioneer Health Services,Canyon Ridge Salvage,Blue Ridge Library,Golden Bay Mall,Sacred Remembrance Park,The Art and Craft Museum,The Southgate Building,Lunar Beats,Pinecrest Park,Greenfield Police Department,The Hidden Barrel,Redwood Hills School,Green Valley Drive,Timberline Goods Warehouse,The Fernwood Plaza
Bence Auto Repair,Redwood Parking Plaza,Woodland Rest Cemetery,Crossway Church,Sunrise Industries,Tranquil Grove Fire Station,Northgate General Hospital,Nova Metal Recycling,Sunrise Hills Library,Riverbend Plaza,The Remembrance Path,The Museum of Human Achievement,The Lansdowne Building,Vibe Sanctuary,Cascade Park,Silvercrest Police Station,The Blue Bell Tavern,Beacon Ridge High,Wildflower Way,Blue Ridge Supply Depot,The Fleetwood Tower
Bending Auto Repair,Urban Drive Car Park,Sacred Heart Graveyard,Mount Zion Church,Titan Forge Works,Ember Hollow Fire Station,Crimson Ridge Health Center,Golden Gears Junkyard,Willow Creek Library,Westside Shopping Mall,Heroes’ Rest Memorial,The Global Heritage Museum,The Napier Building,Neon District,Evergreen Fields Park,Sunrise Heights Police Department,The Cask and Flask,Evergreen Valley School,Cedar Ridge Road,Mountainview Warehouse,The Florentine Plaza
Bennet Auto Repair,Liberty Park Garage,Shadow Valley Cemetery,Spirit of Truth Church,Green Valley Fabricators,Greenfield Fire & Rescue,Timberline Medical Center,Ironwood Salvage Yard,Golden Oak Library,Evergreen Mall,Memorial of Eternal Love,The Odyssey Museum,The Ellington Building,Electric Aura,Crescent Moon Park,Coastal Ridge Law Enforcement,The Noble Stag,Riverstone Academy,Misty Hollow Drive,Cascade Distribution Center,The Forsythe Tower
Bently Auto Repair,Pearl Street Parking,Angel's Rest Memorial Grounds,Abundant Life Chapel,Apex Assembly Plant,Crescent Valley Firehouse,Falcon Peak Medical Facility,Coastal Wrecking Yard,Meadowbrook Library,Bluewater Square,The Tribute Garden of Peace,The Museum of Modern Art,The Ormsby Building,Radiance Dancehall,Pine Hill Park,Mountainview Police Station,The Thirsty Bear,Blue Ridge Secondary School,Golden Meadows Avenue,Oakwood Freight Hub,The Foxborough Plaza
Bessant Auto Repair,Meadow Lane Car Park,Greenfield Cemetery,Kingdom Glory Church,Redstone Foundry,Nova Fire Command Station,Coastal Haven Hospital,Shadow Ridge Scrap,Horizon Heights Library,Liberty Plaza Mall,Eternal Light Memorial Garden,The Museum of Wonders and Curiosities,The Chesterfield Building,Pulse Avenue,Driftwood Park,Silver Oak Police Department,The Iron Mule,Sunrise Ridge Academy,Valley Ridge Boulevard,Greenfield Storage Facility,The Foxwood Tower
Beville Auto Repair,Harborview Parking Deck,Tranquility Ridge Burial Park,Victory Outreach Church,Northstar Manufacturing Co.,Cornerstone Fire & Emergency,Victory Memorial Hospital,Tranquil Grove Salvage,Greenfield Public Library,Primeview Shopping Center,Wings of Angels Memorial,The World of Artifacts Museum,The Chiltern Building,The Afterglow,Horizon Valley Park,Oakwood Police Station,The Red Fox Pub,Summit Hills High School,Timbercrest Lane,Valley Oaks Warehouse,The Gainsborough Plaza
Billet Auto Repair,Capitol Park Solutions,Forevermore Memorial Grounds,St. Peter’s Cathedral,Blue Ridge Processing,Shady Grove Fire Station,Serenity Valley Health Clinic,Victory Scrap Solutions,Crossroads Library,Crystal Bay Mall,Cross of Remembrance Memorial,The Museum of Paleontology,The Conroy Building,Midnight District,Waters Edge Park,Clearview Law Enforcement,The Golden Tankard,Greenfield Preparatory School,Bluewater Road,Riverstone Distribution Center,The Gallimore Tower
Bland Auto Repair,Nova Lane Parking,Whisper Vale Cemetery,Morning Star Church,Precision Craftworks,Trailblazer Firehouse,Meadowbrook General Hospital,Meadowbrook Wreckers,Beacon Grove Library,Horizon Square Mall,Heroes of the Sky Memorial,The Historic Archives Museum,The Goldsworth Building,Electric Haven,Seaside Park,Pinecrest Police Station,The Drunken Sailor,Crystal Bay Academy,Silver Birch Lane,Ironwood Goods Warehouse,The Garrick Plaza
Blanford Auto Repair,Riverbend Car Park,Duskwood Cemetery,True Vine Christian Fellowship,Summit Steelworks,Eagle Point Fire & Rescue,Shadow Ridge Medical Center,Timberline Salvage Depot,Ironwood Library,Timberline Shopping Plaza,Solace and Peace Memorial,The Nature Discovery Museum,The Browning Building,The Soundwave,Solstice Park,Harborview Police Department,The Boar’s Head Tavern,Mountainview School,Redstone Drive,Crestwood Freight Depot,The Gatwick Building
Blaxall Auto Repair,Ridgeview Parking Plaza,Crystal Waters Burial Grounds,Riverside Worship Center,Horizon Components,Ridgeview Fire Brigade,Crescent Valley Health Center,Frontier Metal Yard,Morningstar Reading Room,Coral Ridge Mall,Circle of Honor Memorial,The Museum of Legends and Lore,The Coventry Building,Velvet Eclipse,Maple Ridge Park,Cascade Ridge Police Station,The White Hart Pub,Liberty Springs High School,Mountain Crest Street,Silver Ridge Storage,The Gladstone Plaza
Blockwood Auto Repair,Gateway Car Park,Shrouded Hollow Memorial Park,Good Shepherd Church,Vanguard Production Facility,Glacier Bay Fire Station,Golden Horizon Hospital,Silvercrest Scrapyard,Cedarwood Library,Maplewood Mall,The Forever Memorial Garden,The Curiosity Museum,The Northgate Building,Deep Bass Lounge,Spring Meadow Park,Meadowbrook Police Department,The Rolling Barrel,Oakwood Preparatory School,Coastal View Road,The Cargo Vault,The Glenmore Tower
Bowdage Auto Repair,EcoPark Solutions,Starfall Cemetery,All Nations Church,Granite Gear Factory,Heritage Hills Firehouse,Evercare Medical Clinic,Rolling Hills Wrecking,Liberty Library,Victory Plaza,The Garden of Reflection,The Museum of Architectural Wonders,The Bridgeport Building,Quantum Vibe,Sunset Valley Park,Lakeside Police Station,The Velvet Goose,Tranquil Valley Academy,Willow Springs Avenue,Horizon Goods Warehouse,The Goldsworth Plaza
Bowyer Auto Repair,Diamond Park Deck,Silver Horizon Graveyard,Peaceful Valley Chapel,Superior Machining Solutions,Redstone Emergency Services,Crossroads Regional Hospital,Urban Rust Depot,Pinehill Community Library,Cascade Heights Mall,The Memorial of Courage,The Interactive History Museum,The Clemmons Building,The Night Shift,Quiet Grove Park,Grandview Police Department,The King’s Arms,Cascade Springs School,Whispering Hills Road,Willow Springs Distribution,The Granville Tower
Bramwell Auto Repair,Midtown Parking Hub,Redwood Rest Memorial Park,Wellspring Christian Church,PrimeTech Industries,Frontier Fire & Rescue,Brightline Health Pavilion,Blackstone Salvage,Silverleaf Library,Shady Grove Mall,Shining Stars Memorial,The Planetary Museum,The Letchworth Building,Pulse Reactor,Hidden Springs Park,Eagle’s Nest Police Station,The Pirate’s Cove,Pinecrest High School,Crystal Waters Drive,Summit Pines Logistics,The Greenhaven Plaza
Brendon Auto Repair,Beacon Parking Lot,Seraphim Grove Cemetery,Glorious Hope Ministries,Liberty Fabrication,Swift River Fire Station,Liberty Medical Center,Summit Auto Reclamation,Serenity Springs Library,Crystal Bay Shopping Center,Remembrance of Peace Memorial,The Museum of Global Exploration,The Westbrook Building,The Groove Chamber,Riverstone Park,Beacon Heights Police Department,The Dog and Duck,Valleyview Academy,Silver Creek Lane,Golden Oaks Storage Hub,The Greenwich Tower
Brimblecombe Auto Repair,Victory Lane Garage,Cross Hollow Burial Grounds,Emmanuel Faith Church,Quantum Parts Factory,Brightline Fire Command,Clearwater Memorial Hospital,Riverbend Wrecking Yard,Peaceful Pines Library,Seaside Mall,The Fallen Soldiers’ Memorial,The Timeless Treasures Museum,The Harrogate Building,Shimmer Club,Meadowview Park,Rolling Hills Police Station,The Silver Swan Pub,Horizon Valley Secondary School,Sagebrush Avenue,Maplewood Freight Warehouse,The Hargreaves Plaza
Brodripp Auto Repair,Pinnacle Parking Plaza,Morningstar Cemetery,First Covenant Church,Silverline Assembly Co.,Urban Shield Fire Brigade,Blackstone General Hospital,Harborview Scrap Yard,Westview Public Library,Greenstone Plaza,A Moment of Silence Memorial,The Science Discovery Center,The Clovewood Building,Hypnotic Sound,Summit Grove Park,Riverbend Police Department,The Brass Lantern,Meadowbrook Preparatory School,Starlight Drive,Cascade Ridge Distribution,The Harlech Tower
Bromley Auto Repair,Sunrise Parking Solutions,Raven Ridge Memorial Park,New Beginnings Church,Atlas Production Plant,Redwood Firehouse,Echo Valley Health Services,NextGen Auto Parts,Moonlit Library,Sunflower Mall,Echoes of Peace Memorial,The Museum of Global Art,The Hartsfield Building,The Neon Oasis,Valley Breeze Park,Valleyview Law Enforcement,The Drowned Mermaid,Willow Springs High School,Meadow Vale Road,Riverbend Supply Depot,The Harrogate Plaza
Brymer Auto Repair,Crescent View Parking,Ashwood Cemetery,Bethlehem Church of Christ,Pioneer Manufacturing Group,Serenity Valley Fire Station,Highpoint Medical Center,Redwood Salvage Depot,Coastal Haven Library,Valley Grove Mall,Tranquil Tribute Memorial,The Museum of World Heritage,The Fairhaven Building,Radiant Pulse,Oceanview Park,Willow Springs Police Station,The Blacksmith’s Forge,Redstone Academy,Riverfront Street,Bluewater Warehouse,The Hawthorne Tower
Bulford Auto Repair,Frontier Park Plaza,Twilight Grove Burial Grounds,Fountain of Grace Church,Crimson Forge Co.,Rapid Ridge Fire Command,Unity Care Hospital,Midnight Metal Yard,Crystal Lake Library,Crescent Point Mall,Forever Remembered Memorial,The Memory Lane Museum,The Underwood Building,The Retro Wave,Autumn Ridge Park,Sunset Valley Police Department,The Tartan Pint,Beacon Bay School,Whispering Oaks Boulevard,Evergreen Storage Solutions,The Hazelwood Plaza
